CustomerID,Recency,Frequency,Monetary,Cluster
12348,74,4,1797.24,3
12349,18,1,1757.55,3
12350,309,1,334.4,2
12352,35,8,2506.04,1
12353,203,1,89.0,2
12354,231,1,1079.4,2
12355,213,1,459.4,2
12356,22,3,2811.43,1
12358,1,2,1168.06,3
12360,51,3,2662.06,3
12361,286,1,189.9,2
12363,109,2,552.0,0
12364,7,4,1313.1,3
12365,290,2,641.38,2
12367,3,1,168.9,0
12370,50,4,3545.69,1
12371,44,2,1887.96,3
12372,71,3,1298.04,3
12373,310,1,364.6,2
12374,24,1,742.9300000000001,0
12375,10,2,457.5,0
12377,314,2,1628.12,2
12379,81,2,852.24,0
12380,21,4,2724.81,1
12381,4,5,1845.31,3
12383,184,5,1850.56,3
12384,28,2,585.27,0
12388,15,6,2780.66,1
12390,79,1,549.84,0
12391,21,1,460.89,0
12393,71,4,1582.6000000000001,3
12394,63,2,1272.48,3
12397,35,2,2409.9,3
12398,45,1,1635.6599999999999,3
12399,118,4,1108.65,3
12401,302,1,84.3,2
12402,322,1,225.6,2
12403,49,1,427.7,0
12405,148,1,1710.39,3
12406,21,2,3415.3,1
12407,49,5,1708.1200000000001,3
12408,32,5,2888.55,1
12410,308,2,693.3299999999999,2
12412,74,3,1226.88,3
12413,66,3,758.1,0
12414,216,3,562.41,2
12417,2,9,3649.1,1
12418,112,1,668.58,0
12420,63,1,600.39,0
12421,15,4,807.04,3
12422,95,3,803.5600000000001,3
12423,0,8,1859.31,1
12424,162,2,1760.96,3
12425,77,1,777.2,0
12426,194,1,582.73,2
12427,21,3,825.8,3
12430,42,1,256.4,0
12434,84,2,806.14,0
12436,99,1,509.01,0
12438,13,2,2906.85,3
12442,2,1,172.06,0
12445,21,1,133.4,0
12446,57,1,1002.3100000000001,0
12447,242,1,476.49,2
12448,43,1,449.45,0
12450,155,2,197.88,2
12452,16,2,430.57,0
12453,133,1,707.09,0
12454,55,1,3528.34,1
12455,72,6,2466.86,1
12456,43,3,3181.04,1
12457,65,7,2363.23,1
12458,70,2,947.4,0
12461,93,2,826.88,0
12462,18,2,1189.59,3
12463,52,4,1344.78,3
12464,9,8,1212.05,1
12465,16,2,742.1899999999999,0
12468,187,2,729.5400000000001,2
12475,53,1,723.38,0
12478,3,1,680.99,0
12479,10,1,527.2,0
12480,27,4,3281.63,1
12483,16,8,2484.98,1
12488,9,3,1298.66,3
12491,38,1,460.40000000000003,0
12492,62,2,263.21000000000004,0
12493,165,2,433.74,2
12494,15,7,1246.1000000000001,3
12497,81,1,1043.1,0
12498,20,3,403.70000000000005,0
12504,17,2,482.04999999999995,0
12506,232,1,73.5,2
12507,133,3,1304.81,3
12508,25,2,398.27,0
12509,283,1,176.5,2
12510,142,2,982.5699999999999,2
12512,65,2,138.03,0
12513,112,1,612.29,0
12514,266,1,1017.68,2
12516,77,2,1312.06,3
12517,27,5,2502.84,1
12518,0,5,2056.89,1
12519,63,1,340.84,0
12520,78,5,2634.26,1
12521,142,1,599.68,2
12522,38,2,192.72,0
12523,18,11,1789.77,1
12526,0,3,1316.66,3
12527,81,3,348.71000000000004,0
12528,8,6,1933.48,1
12530,59,4,1662.28,3
12531,14,1,125.22,0
12532,29,1,349.83000000000004,0
12534,130,1,1089.18,0
12535,91,2,716.35,0
12538,28,1,363.95,0
12541,29,3,981.18,3
12544,35,1,372.7,0
12545,74,2,1000.39,0
12546,46,2,1161.5,3
12547,197,2,207.79999999999998,2
12548,165,1,95.19999999999999,2
12550,78,1,964.83,0
12552,38,2,437.82,0
12553,7,10,3692.28,1
12556,49,2,603.71,0
12558,7,1,269.96,0
12559,310,2,561.71,2
12560,4,3,2134.01,3
12561,302,1,238.85,2
12564,260,1,456.9,2
12565,288,1,145.92,2
12566,85,1,351.65,0
12571,39,2,519.61,0
12572,8,2,1020.42,0
12573,226,1,160.54000000000002,2
12574,315,1,218.45,2
12576,35,5,1315.83,3
12577,34,3,657.8,0
12578,20,2,2794.51,3
12579,77,1,440.42,0
12580,246,1,415.7,2
12581,39,1,197.71,0
12582,238,2,511.36,2
12584,3,9,2338.15,1
12585,233,2,2040.1,2
12586,16,1,196.94000000000003,0
12587,7,1,144.0,0
12588,38,1,214.89999999999998,0
12589,28,2,646.68,0
12591,316,1,452.84999999999997,2
12592,91,2,437.6,0
12593,108,3,418.09999999999997,0
12594,37,10,3338.2200000000003,1
12596,50,2,618.27,0
12598,9,8,3023.08,1
12599,28,7,1032.58,3
12600,28,10,2599.04,1
12601,189,5,577.0600000000001,2
12602,58,1,153.12,0
12603,21,1,739.1999999999999,0
12604,78,2,254.18,0
12607,59,1,1579.51,3
12609,77,3,1126.85,3
12610,22,5,2099.54,1
12611,51,1,1193.32,0
12612,73,1,704.0400000000001,0
12613,56,5,3344.38,1
12614,277,1,315.6,2
12615,1,4,2291.19,3
12616,94,2,713.3,0
12617,28,1,355.53,0
12618,21,1,177.31,0
12619,15,9,3641.24,1
12620,14,3,1339.41,3
12622,231,1,180.1,2
12623,275,1,305.1,2
12624,105,2,641.13,0
12625,211,2,2683.82,3
12628,3,3,786.46,3
12630,9,2,1270.88,3
12631,56,1,640.5,0
12633,58,4,2163.98,3
12635,89,2,1689.18,3
12638,32,1,671.69,0
12639,238,1,486.1,2
12640,23,3,1174.58,3
12641,114,1,185.9,0
12642,24,3,1013.26,3
12643,127,6,3344.64,1
12644,129,1,477.91,0
12645,33,4,1775.18,3
12646,4,2,1346.97,3
12648,154,1,318.05,2
12649,106,3,623.51,0
12650,2,1,314.44,0
12653,148,2,2209.85,3
12654,10,5,601.98,3
12657,10,4,1643.18,3
12658,18,1,686.05,0
12659,29,1,91.68,0
12660,10,1,245.1,0
12665,324,1,63.0,2
12667,57,1,620.13,0
12669,150,3,2744.0299999999997,3
12670,9,5,2996.05,1
12673,4,2,610.52,0
12674,38,4,1970.6,3
12676,24,6,1331.39,3
12679,58,4,1113.02,3
12680,0,4,862.81,3
12684,7,7,2283.63,1
12685,27,6,2863.08,1
12689,25,2,1247.61,3
12690,205,1,389.01,2
12691,27,6,1035.8,3
12693,126,4,855.91,3
12694,69,2,869.67,0
12695,6,4,582.1,3
12697,28,3,957.59,3
12701,79,2,797.71,0
12702,19,1,219.0,0
12703,70,1,283.55,0
12704,6,8,2340.84,1
12707,291,1,603.42,2
12708,29,10,2712.91,1
12710,96,3,1149.02,3
12713,0,1,848.55,0
12715,105,1,353.86,0
12716,3,2,1053.49,0
12717,150,2,1030.98,2
12718,70,1,238.25,0
12719,4,2,644.95,0
12721,31,6,2656.13,1
12722,84,4,997.63,3
12723,3,5,725.07,3
12724,4,4,1031.41,3
12726,27,7,2609.1,1
12728,70,4,836.33,3
12729,113,1,453.01,0
12732,179,1,236.26000000000002,2
12733,233,1,383.95,2
12735,314,2,779.5699999999999,2
12739,77,2,1013.04,0
12740,63,1,427.6,0
12743,133,2,546.43,0
12750,128,1,275.88,0
12754,235,3,3010.74,1
12756,86,1,112.07999999999998,0
12758,116,2,2791.59,3
12759,51,3,1531.44,3
12762,7,2,1898.52,3
12763,137,2,494.08,0
12764,316,1,1693.88,2
12769,238,1,1143.6,2
12770,210,1,1351.45,2
12772,59,1,892.47,0
12775,16,5,1386.04,3
12778,19,6,822.23,3
12781,63,2,826.74,0
12782,4,5,2330.92,1
12783,1,6,2225.91,1
12784,8,2,574.42,0
12787,9,3,463.66,0
12789,64,1,91.85,0
12790,191,1,324.92,2
12792,256,1,400.53999999999996,2
12794,52,2,860.41,0
12795,18,1,430.48,0
12802,186,1,427.58,2
12808,36,3,483.65000000000003,0
12809,177,1,489.31,2
12811,260,3,514.85,2
12812,44,1,229.64000000000001,0
12814,101,1,125.92,0
12815,147,2,1063.46,2
12816,95,2,572.2,0
12817,280,1,166.04,2
12818,261,1,1542.08,2
12820,2,4,942.34,3
12821,213,1,92.72,2
12822,70,2,948.88,0
12823,74,5,1759.5,3
12824,59,1,397.12,0
12826,2,7,1474.72,1
12827,5,3,430.15000000000003,0
12828,2,6,1018.71,3
12831,261,1,215.05,2
12832,31,2,383.03,0
12833,144,1,417.38,2
12834,282,1,312.38,2
12836,58,4,2612.86,1
12837,172,1,134.1,2
12838,33,2,683.13,0
12840,143,4,2726.77,1
12842,69,2,1118.99,0
12843,65,8,1702.26,1
12844,28,2,325.96000000000004,0
12845,266,4,354.09,2
12847,21,1,871.54,0
12849,30,2,1050.8899999999999,0
12851,96,1,135.18,0
12852,294,1,311.55,2
12853,134,6,1957.1000000000001,1
12854,78,3,1324.5,3
12856,7,6,2179.93,1
12857,210,2,1106.4,2
12863,51,1,521.2,0
12864,137,1,147.12,0
12865,25,2,1568.23,3
12866,282,1,559.12,2
12868,185,6,1607.0600000000002,3
12871,83,2,380.64,0
12872,326,2,599.97,2
12873,281,1,374.0,2
12875,142,2,343.2300000000001,2
12876,57,2,2218.02,3
12878,235,2,854.99,2
12879,44,3,573.22,0
12881,275,1,298.0,2
12882,8,2,1463.04,3
12883,24,4,703.47,3
12884,87,1,309.05,0
12885,62,3,1175.22,3
12886,67,2,1378.4,3
12888,213,2,354.12,2
12890,23,1,380.46999999999997,0
12891,185,3,331.0,2
12893,30,1,188.14,0
12895,41,2,372.8,0
12897,204,2,216.5,2
12902,264,1,138.68,2
12904,17,2,509.58,0
12906,11,5,2919.81,1
12908,175,2,750.0,2
12909,39,5,2178.67,1
12910,22,8,3075.04,1
12912,2,5,1662.3,3
12913,4,5,2483.63,1
12915,148,2,363.65,2
12916,138,4,3006.15,1
12917,127,1,594.0,0
12919,7,6,1335.19,3
12920,16,1,164.23,0
12922,160,1,405.38,2
12923,63,1,176.97,0
12924,87,4,933.7,3
12925,4,2,694.05,0
12928,34,5,2062.7000000000003,1
12929,311,1,117.85,2
12930,77,2,415.8,0
12933,23,3,607.53,0
12935,1,7,2160.7,1
12936,16,4,1063.9,3
12937,14,4,1504.27,3
12938,25,1,114.14,0
12940,54,2,913.54,0
12942,130,3,683.9,0
12944,35,2,604.51,0
12945,287,1,462.95,2
12947,143,6,1603.99,3
12948,15,7,2064.95,1
12950,1,3,1843.0,3
12951,8,6,1064.07,3
12952,5,4,1387.79,3
12953,9,1,329.85,0
12956,305,1,108.07,2
12962,6,2,266.39,0
12963,7,8,1856.63,1
12965,88,1,771.91,0
12966,9,1,160.18,0
12968,111,1,135.95,0
12970,6,4,452.24,3
12974,197,1,144.8,2
12976,211,1,738.6,2
12977,155,1,39.239999999999995,2
12981,29,2,372.21999999999997,0
12982,242,1,390.54,2
12984,18,1,97.5,0
12985,0,2,1239.38,3
12987,73,2,558.7,0
12988,291,1,535.32,2
12990,30,3,409.5,0
12991,22,2,503.76,0
12993,22,4,414.76,3
12994,3,3,974.4200000000001,3
12995,84,1,211.32,0
12997,21,4,1226.89,3
12999,195,3,455.88,2
13000,106,3,534.85,0
13002,317,1,120.94999999999999,2
13003,105,3,149.05,0
13005,173,2,513.7,2
13006,55,1,81.57,0
13008,322,1,229.46999999999997,2
13012,8,8,1661.8400000000001,1
13014,10,10,3466.2799999999997,1
13015,52,5,3346.28,1
13016,72,3,789.89,3
13017,6,1,204.0,0
13021,3,9,2616.38,1
13023,63,2,689.9,0
13026,0,5,975.36,3
13028,22,2,661.3199999999999,0
13029,30,3,1247.5,3
13030,10,2,799.48,0
13032,51,2,1010.18,0
13034,54,2,642.77,0
13035,73,2,921.88,0
13037,137,3,881.07,3
13038,79,3,908.46,3
13040,8,2,676.99,0
13043,272,1,516.42,2
13044,290,1,560.47,2
13045,98,1,305.28000000000003,0
13046,30,2,629.31,0
13047,31,10,3237.54,1
13048,13,4,1835.91,3
13049,63,2,656.6800000000001,0
13052,211,1,348.15000000000003,2
13055,77,3,1214.41,3
13058,24,3,271.40000000000003,0
13059,249,1,183.4,2
13060,253,1,307.53,2
13061,71,1,248.61,0
13062,190,1,346.98,2
13064,12,4,1119.49,3
13066,23,2,470.8,0
13067,81,1,115.46000000000001,0
13068,9,2,344.0,0
13070,191,1,228.8,2
13072,266,1,177.15,2
13075,129,1,919.61,0
13077,0,4,729.27,3
13079,3,5,220.10000000000002,3
13080,178,1,58.08,2
13082,125,9,3613.63,1
13083,3,2,303.75,0
13085,157,2,416.08000000000004,2
13091,27,1,345.82,0
13092,70,5,477.83,3
13095,70,1,74.39999999999999,0
13099,98,1,207.35999999999999,0
13101,233,1,101.19,2
13103,39,1,243.94,0
13104,2,6,1098.48,3
13106,132,1,76.5,0
13107,43,4,1531.6200000000001,3
13109,59,2,786.54,0
13110,30,7,1488.67,1
13115,11,4,2294.78,3
13116,137,1,501.14,0
13117,21,8,984.91,1
13118,19,5,1197.81,3
13120,238,1,30.599999999999998,2
13121,268,1,283.73,2
13122,93,2,922.39,0
13126,4,8,2099.64,1
13127,77,1,259.17,0
13130,93,1,64.0,0
13131,22,3,1073.3,3
13132,261,1,77.3,2
13133,273,2,109.8,2
13134,85,4,1793.58,3
13135,196,1,3096.0,3
13136,55,5,2607.61,1
13137,10,8,3650.41,1
13138,21,6,962.39,3
13140,107,3,423.72,0
13141,84,5,2388.75,1
13142,18,1,307.09,0
13145,39,4,618.52,3
13146,25,1,228.91,0
13147,9,4,712.8000000000001,3
13149,13,4,1676.06,3
13151,295,1,1257.8700000000001,2
13153,5,1,486.22,0
13155,32,4,971.76,3
13157,48,4,1741.22,3
13158,94,4,1201.06,3
13159,8,4,1437.85,3
13160,21,1,91.8,0
13161,312,1,112.75,2
13162,121,4,1688.29,3
13165,45,2,1021.48,0
13166,282,1,417.2,2
13167,18,4,791.33,3
13168,35,4,1319.19,3
13169,63,2,712.88,0
13170,26,1,116.00999999999999,0
13171,21,3,468.41,0
13173,3,2,353.65,0
13174,15,3,2817.03,1
13176,45,1,492.84,0
13177,64,1,282.45,0
13182,44,1,121.18,0
13184,14,10,1701.29,1
13185,267,1,71.4,2
13186,39,3,1575.89,3
13188,10,1,114.60000000000001,0
13189,18,2,260.68,0
13192,94,2,911.94,0
13193,60,1,117.88,0
13194,135,1,60.7,0
13196,10,4,1797.78,3
13198,9,6,3401.2400000000002,1
13200,18,4,870.09,3
13203,9,4,869.46,3
13207,14,2,250.26000000000002,0
13208,58,6,1223.9,3
13210,93,1,353.48,0
13211,9,3,1197.42,3
13212,19,3,788.08,3
13213,56,5,1520.58,3
13216,267,1,333.74,2
13217,121,3,533.98,0
13218,126,1,62.63999999999999,0
13220,77,4,819.2900000000001,3
13221,239,2,847.41,2
13223,199,2,163.20000000000002,2
13224,59,2,2155.95,3
13226,272,1,108.21000000000001,2
13227,201,1,257.7,2
13228,80,1,358.0,0
13229,225,1,160.95,2
13232,12,7,1357.6,1
13233,73,2,605.12,0
13235,211,1,1031.07,2
13236,24,2,744.85,0
13238,16,4,700.73,3
13239,261,1,329.56,2
13240,95,4,663.65,3
13242,111,3,270.40000000000003,0
13243,202,1,600.07,2
13244,92,1,121.74000000000001,0
13245,50,1,430.5,0
13246,17,6,1987.3,1
13247,17,4,501.12,3
13248,124,2,465.68,0
13249,91,3,711.41,0
13253,156,2,1030.4,2
13255,8,2,399.51,0
13256,13,1,0.0,0
13258,11,3,698.58,0
13259,61,1,292.32,0
13260,60,1,557.62,0
13261,268,2,944.1,2
13262,262,1,200.29,2
13265,52,5,2107.66,1
13268,17,11,3214.69,1
13271,36,1,217.38,0
13272,30,2,276.56,0
13273,112,1,138.98,0
13276,63,2,590.9300000000001,0
13277,15,4,258.4,0
13278,40,1,542.73,0
13279,77,1,137.75,0
13280,121,3,814.86,3
13282,17,3,1132.14,3
13283,59,2,93.66,0
13285,22,4,2709.12,1
13291,155,1,361.11,2
13292,38,2,578.9399999999999,0
13294,189,2,873.74,2
13296,136,1,87.4,0
13297,7,4,2089.85,3
13298,0,1,360.0,0
13299,267,1,142.5,2
13300,168,1,371.89,2
13301,103,4,618.09,3
13302,154,1,63.75,2
13305,3,10,2000.86,1
13307,119,1,15.0,0
13308,22,3,1385.51,3
13309,6,5,1456.79,3
13310,27,3,1132.03,3
13311,3,2,598.57,0
13313,21,5,1555.32,3
13314,1,3,775.94,3
13317,65,6,2273.68,1
13318,0,3,640.76,0
13320,77,4,1548.7,3
13321,71,2,567.36,0
13322,16,1,199.48000000000002,0
13323,2,5,787.85,3
13325,81,1,675.3,0
13327,38,8,3627.77,1
13328,315,1,1308.48,2
13329,31,2,789.0,0
13330,92,3,1140.93,3
13332,13,1,350.9,0
13334,81,3,3536.82,1
13336,76,1,795.12,0
13338,157,1,487.02,2
13339,200,1,860.12,2
13341,260,1,775.85,2
13343,177,1,353.43,2
13344,67,3,2543.72,3
13345,287,1,389.5,2
13347,69,1,341.36,0
13348,63,1,233.76,0
13349,10,1,247.32,0
13350,15,2,979.12,0
13351,65,1,373.94,0
13352,59,1,397.97999999999996,0
13354,70,1,743.53,0
13355,121,1,674.7,0
13356,79,1,768.24,0
13357,256,1,609.95,2
13358,268,1,439.03,2
13359,63,1,439.56,0
13362,8,4,3090.7400000000002,1
13363,17,2,992.5,0
13364,70,1,134.95999999999998,0
13365,33,2,2225.37,3
13366,49,1,56.160000000000004,0
13368,256,2,623.4,2
13372,89,1,378.64,0
13373,60,3,3312.25,1
13375,88,1,778.65,0
13376,98,3,1019.76,3
13379,25,3,572.56,0
13381,31,6,3639.31,1
13382,280,1,222.99,2
13388,130,2,677.1,0
13389,10,3,797.96,3
13390,74,1,544.08,0
13391,203,1,59.8,2
13394,1,8,2520.02,1
13395,184,1,307.72,2
13396,28,2,1360.99,3
13397,72,5,1544.13,3
13398,191,1,457.34,2
13402,126,2,621.23,0
13403,17,1,75.0,0
13404,0,2,252.49,0
13405,73,3,572.451,0
13410,23,5,1003.06,3
13411,106,1,213.55,0
13414,133,3,1390.5,3
13416,43,2,712.5,0
13417,4,2,640.83,0
13419,63,1,221.06,0
13420,149,2,159.85,2
13421,39,2,1851.08,3
13422,63,1,2626.3,3
13425,107,3,1624.21,3
13426,0,10,3641.32,1
13427,18,3,582.6,0
13428,9,1,218.47,0
13429,10,4,1006.8,3
13430,18,2,679.45,0
13431,66,2,1269.1,3
13434,73,2,534.24,0
13436,1,1,196.89,0
13437,13,7,3408.06,1
13439,254,1,283.71,2
13441,91,1,296.64,0
13447,22,3,1129.14,3
13448,16,6,3539.37,1
13449,23,1,291.88,0
13450,26,6,2043.7199999999998,1
13451,25,5,2976.15,1
13452,258,2,590.0,2
13453,165,2,356.97999999999996,2
13455,24,2,1058.34,0
13456,17,6,1766.72,1
13460,28,2,183.44,0
13461,38,3,1445.0,3
13462,252,1,151.5,2
13464,57,1,674.68,0
13466,183,1,307.9,2
13467,10,2,1083.71,0
13470,98,2,165.0,0
13471,0,4,2531.58,1
13473,60,2,422.64,0
13474,235,1,229.59,2
13475,190,4,1431.78,3
13476,178,2,1238.47,2
13477,37,6,1454.58,3
13479,200,2,300.95,2
13481,45,5,1804.56,3
13482,231,1,184.64,2
13483,65,1,140.34,0
13484,240,1,313.8,2
13485,232,1,454.24,2
13486,77,3,1122.41,3
13487,57,3,575.4,0
13489,104,4,449.52,3
13491,51,10,1215.82,1
13492,135,3,1269.84,3
13493,274,2,618.63,2
13494,311,1,316.26000000000005,2
13495,7,5,2044.8700000000001,1
13496,10,2,653.33,0
13497,282,2,348.05,2
13499,17,5,1159.11,3
13500,22,3,1166.77,3
13501,287,1,1340.32,2
13502,16,3,292.0,0
13503,70,1,216.85,0
13504,63,1,295.93,0
13506,315,2,458.52,2
13507,2,4,2479.16,1
13508,243,1,110.97,2
13509,8,7,979.72,3
13510,0,4,1791.56,3
13512,260,1,251.21,2
13513,126,1,205.1,0
13514,73,1,152.20000000000002,0
13515,72,4,891.12,3
13516,20,3,1389.41,3
13517,59,3,2128.42,3
13518,85,1,659.4399999999999,0
13519,77,1,122.75,0
13520,58,6,3624.35,1
13521,0,3,1093.65,3
13522,29,1,125.80000000000001,0
13524,40,5,680.1800000000001,3
13525,14,2,628.78,0
13527,33,7,2287.51,1
13529,78,2,307.76,0
13531,204,2,483.8,2
13532,33,1,210.31,0
13533,182,3,270.79,2
13536,0,7,3448.29,1
13538,42,7,1280.85,3
13539,85,3,631.34,0
13544,39,2,291.41,0
13546,11,3,626.99,0
13548,95,2,682.41,0
13549,25,7,918.2,3
13551,318,1,91.80000000000001,2
13557,27,2,584.06,0
13558,5,4,605.06,3
13560,6,1,174.37,0
13561,215,1,141.85999999999999,2
13562,81,3,1799.33,3
13563,83,2,777.53,0
13564,143,3,1749.02,3
13565,18,2,240.22,0
13566,40,2,874.71,0
13568,172,1,192.85,2
13569,16,2,373.75,0
13570,242,1,239.49,2
13572,205,1,1384.25,2
13573,49,2,294.4,0
13575,22,5,732.0699999999999,3
13577,24,4,1687.6000000000001,3
13579,14,2,467.04,0
13581,308,1,118.0,2
13583,155,1,781.03,2
13584,306,1,142.4,2
13587,63,1,712.4,0
13588,15,9,2478.95,1
13589,14,2,379.65,0
13590,10,6,1981.92,1
13591,64,3,1117.13,3
13592,35,4,247.95999999999998,0
13593,107,5,2037.0800000000002,3
13594,52,1,396.97,0
13596,5,2,697.04,0
13598,46,1,180.17000000000002,0
13600,311,1,219.52,2
13601,44,2,693.32,0
13602,64,1,428.89,0
13603,25,1,164.34,0
13606,28,3,280.53999999999996,0
13607,39,1,678.01,0
13610,11,7,1131.88,3
13611,88,3,1171.8,3
13614,23,4,1610.46,3
13615,318,1,417.69,2
13617,39,3,544.18,0
13618,173,1,177.34,2
13621,116,1,213.85,0
13623,30,5,747.78,3
13626,252,1,257.23,2
13627,58,5,1638.47,3
13630,4,7,2031.78,1
13631,99,11,3070.42,1
13632,24,5,2121.27,1
13634,32,5,1575.16,3
13635,67,1,1071.03,0
13636,36,5,949.12,3
13637,51,3,810.5,3
13638,15,1,122.64,0
13639,73,1,1033.34,0
13642,215,1,354.8,2
13643,30,3,519.44,0
13644,15,4,2624.26,1
13645,119,1,252.1,0
13647,9,4,1678.1200000000001,3
13649,256,2,346.6,2
13650,16,6,1836.34,1
13651,34,2,94.2,0
13652,45,3,1095.08,3
13654,42,6,2707.33,1
13655,113,2,932.97,0
13656,164,2,379.65,2
13657,10,2,382.14,0
13658,9,5,2639.17,1
13659,205,2,1573.2,2
13662,85,3,897.76,3
13663,178,1,189.47,2
13666,59,3,84.65,0
13667,148,1,305.02,2
13669,50,2,218.55,0
13670,74,1,349.7,0
13672,300,2,186.39000000000001,2
13673,18,2,396.92,0
13675,150,2,486.82000000000005,2
13678,151,1,232.6,2
13681,17,4,827.83,3
13682,186,1,59.5,2
13684,285,1,67.23,2
13685,2,7,3119.44,1
13686,182,1,72.0,2
13689,62,1,910.0,0
13690,58,1,172.25,0
13692,24,3,1488.32,3
13697,38,1,151.29999999999998,0
13699,154,1,308.58000000000004,2
13700,25,10,2265.12,1
13703,317,1,99.5,2
13704,4,9,2308.06,1
13705,7,3,711.86,0
13706,302,1,330.79,2
13707,266,2,806.41,2
13708,270,1,296.88,2
13710,31,1,180.48,0
13711,218,2,252.06,2
13712,246,1,228.84,2
13715,280,5,1079.34,2
13716,268,1,138.28,2
13717,31,6,1445.01,3
13718,245,2,306.55,2
13719,14,5,1041.68,3
13720,116,4,799.9,3
13721,35,1,524.14,0
13722,131,3,2375.41,3
13723,216,1,199.85000000000002,2
13725,49,8,1980.56,1
13726,38,2,1079.6599999999999,0
13727,28,2,333.48,0
13728,36,6,1016.14,3
13730,135,2,752.6,0
13731,218,2,610.59,2
13732,27,1,491.86,0
13735,24,4,2885.2400000000002,1
13736,4,2,731.9,0
13737,199,1,339.59999999999997,2
13739,17,1,216.9,0
13740,240,1,350.75,2
13741,71,3,668.4300000000001,0
13743,2,7,1341.6,1
13744,94,2,1156.36,3
13745,161,1,300.04,2
13748,95,5,948.25,3
13750,53,5,1647.26,3
13751,287,1,296.25,2
13752,123,6,1186.28,3
13753,287,1,741.26,2
13754,151,2,282.59999999999997,2
13755,3,9,2161.35,1
13758,11,7,3190.55,1
13759,32,2,659.4100000000001,0
13760,53,2,286.79,0
13761,49,2,1070.65,0
13762,218,1,306.72,2
13763,62,1,1714.96,3
13764,70,3,1521.76,3
13769,1,10,2796.51,1
13771,63,4,2634.45,1
13772,33,3,1132.13,3
13774,81,1,345.0,0
13778,102,1,178.7,0
13780,6,2,360.01,0
13781,250,1,127.84,2
13782,12,6,912.0,3
13784,9,11,2462.79,1
13787,75,2,309.04,0
13790,3,1,348.8,0
13791,127,2,1516.0,3
13792,65,2,195.55,0
13799,116,2,688.86,0
13800,309,1,558.32,2
13801,66,1,324.8,0
13803,254,1,277.07,2
13804,30,7,2635.79,1
13805,51,2,924.6,0
13806,63,1,256.38,0
13808,5,5,1747.66,3
13809,304,1,155.05,2
13810,28,3,1499.01,3
13811,183,3,814.5,2
13812,41,3,539.0,0
13813,39,4,1366.8600000000001,3
13814,91,2,1579.12,3
13816,23,2,571.6700000000001,0
13817,28,2,382.98,0
13819,301,3,1140.35,2
13821,144,2,385.64,2
13822,5,2,632.0,0
13823,18,2,957.66,0
13824,32,5,1698.94,3
13826,175,1,189.5,2
13827,57,3,412.05,0
13828,21,1,209.49,0
13831,15,6,2202.99,1
13832,18,1,52.199999999999996,0
13833,158,1,384.8,2
13835,24,4,834.57,3
13837,211,2,271.24,2
13838,5,4,691.73,3
13841,252,1,85.0,2
13842,58,9,3385.62,1
13844,10,1,361.62,0
13845,64,1,312.98,0
13846,24,3,865.0600000000001,3
13848,91,3,1255.0,3
13849,51,2,1537.95,3
13850,128,1,1595.48,3
13851,95,3,2651.46,3
13853,56,1,1090.14,0
13856,168,3,388.5,2
13858,56,1,216.17,0
13859,325,1,201.16,2
13860,0,5,1245.9,3
13862,17,8,2209.36,1
13863,247,1,305.78,2
13865,57,4,501.56,3
13866,73,1,145.67000000000002,0
13867,30,3,1015.29,3
13868,6,2,3192.54,1
13869,122,4,3104.95,1
13870,1,8,2770.94,1
13873,119,3,389.6,0
13875,53,5,1786.79,3
13876,63,1,122.7,0
13877,85,1,117.24,0
13878,54,1,1281.53,0
13882,2,5,1191.13,3
13883,10,5,2674.48,1
13884,6,5,787.6,3
13885,188,2,506.8,2
13886,70,1,243.56,0
13887,203,1,349.55,2
13888,119,2,605.63,0
13889,92,1,416.90000000000003,0
13890,0,10,1883.8100000000002,1
13892,26,4,632.97,3
13893,297,1,821.1,2
13894,23,3,564.62,0
13895,27,4,2593.07,1
13897,49,1,311.16,0
13898,325,1,155.93,2
13899,15,2,388.52,0
13900,182,3,740.95,2
13901,71,5,2867.2,1
13904,36,2,332.64,0
13908,79,4,2369.55,3
13911,56,9,2580.91,1
13914,11,2,626.45,0
13917,49,2,272.04,0
13918,49,2,1212.8400000000001,3
13919,58,2,384.81,0
13923,53,1,351.13,0
13924,1,6,1838.8500000000001,1
13925,92,4,678.25,3
13926,22,1,223.85000000000002,0
13927,74,1,348.99,0
13928,10,4,464.57,3
13929,168,2,842.65,2
13930,57,2,337.34,0
13931,95,2,1237.53,3
13932,294,1,307.4,2
13933,108,2,608.7900000000001,0
13934,263,1,922.1,2
13936,179,1,376.58,2
13937,168,1,158.85,2
13938,34,1,71.66,0
13939,22,3,568.55,0
13940,16,4,839.14,3
13946,78,3,561.5699999999999,0
13947,64,1,90.6,0
13949,2,6,2427.32,1
13950,10,4,745.06,3
13951,175,3,674.45,2
13952,217,2,3251.071,3
13953,6,7,3515.68,1
13954,1,2,439.92,0
13955,153,2,322.96,2
13956,4,5,1026.42,3
13959,78,3,598.2,0
13960,20,2,230.22,0
13962,21,2,169.55,0
13963,307,4,664.54,2
13967,145,1,80.7,2
13971,18,8,2758.26,1
13972,70,2,190.25,0
13973,286,1,264.7,2
13974,48,1,413.59000000000003,0
13975,30,6,2526.28,1
13976,206,1,357.98,2
13978,14,2,196.79000000000002,0
13979,72,1,869.87,0
13980,59,1,200.14,0
13982,38,4,1871.81,3
13984,26,5,920.51,3
13986,16,1,320.46,0
13989,65,2,1266.08,3
13990,212,1,311.3,2
13991,11,6,855.97,3
13992,29,1,76.8,0
13993,42,9,3466.36,1
13994,3,6,2313.14,1
13995,14,5,1393.69,3
14000,210,1,635.66,2
14001,45,3,2043.0800000000002,3
14002,133,2,529.73,0
14005,9,5,2874.72,1
14006,115,3,962.19,3
14009,197,2,695.61,2
14012,277,1,328.8,2
14013,109,3,473.02,0
14014,76,1,505.18,0
14015,52,1,917.34,0
14019,46,3,1421.61,3
14020,16,2,642.8,0
14021,154,3,631.9,2
14022,224,1,440.0,2
14023,6,2,584.07,0
14024,121,2,327.7,0
14027,60,1,104.82,0
14029,62,2,467.66,0
14030,17,8,2360.09,1
14032,1,11,2975.59,1
14034,21,3,651.8199999999999,0
14035,28,5,1428.02,3
14036,284,1,626.65,2
14037,175,2,147.20000000000002,2
14038,77,3,1560.38,3
14039,32,1,152.2,0
14041,265,1,141.41,2
14044,26,4,652.82,3
14045,108,4,1659.75,3
14046,283,1,154.99,2
14047,8,5,1308.6100000000001,3
14048,304,1,409.93,2
14050,31,2,746.36,0
14052,19,1,225.36,0
14053,123,2,260.25,0
14054,64,1,92.46,0
14055,105,1,725.6400000000001,0
14059,266,1,183.6,2
14064,28,5,1353.74,3
14066,266,1,152.55,2
14067,63,2,374.7,0
14068,319,1,265.85,2
14071,3,8,1438.82,1
14073,31,1,151.04,0
14075,4,3,942.26,3
14076,128,1,122.47,0
14077,40,5,499.41999999999996,3
14078,101,6,1049.37,3
14079,124,1,375.1,0
14080,32,1,45.599999999999994,0
14081,301,2,934.52,2
14083,3,9,1018.43,1
14087,2,1,194.42,0
14089,56,1,161.0,0
14090,324,1,76.32000000000001,2
14093,11,1,442.85,0
14098,36,1,147.35,0
14099,15,11,3104.17,1
14100,137,1,194.9,0
14102,4,5,1360.28,3
14104,154,2,216.20999999999998,2
14105,238,1,1266.23,2
14107,51,7,2703.23,1
14108,30,2,597.91,0
14109,72,1,144.2,0
14111,13,4,692.85,3
14112,22,7,2915.15,1
14113,3,4,1840.42,3
14114,273,2,386.53,2
14116,19,5,1382.74,3
14117,143,1,90.0,2
14121,3,4,2780.15,1
14124,83,1,419.58000000000004,0
14125,10,3,2740.43,1
14126,7,3,706.1300000000001,0
14127,122,3,709.71,0
14128,60,2,637.5,0
14129,1,5,1123.8600000000001,3
14130,318,1,483.86,2
14132,1,11,3586.0299999999997,1
14133,129,3,605.64,0
14138,1,2,982.3800000000001,0
14139,45,1,415.82,0
14140,3,2,935.05,0
14141,2,4,915.13,3
14143,133,1,115.8,0
14147,77,2,483.4,0
14148,233,1,157.2,2
14149,220,1,446.62,2
14150,35,2,658.64,0
14152,74,2,621.29,0
14154,238,2,1345.62,2
14155,265,1,118.75,2
14157,19,2,432.88,0
14158,39,1,507.66,0
14161,215,3,1110.52,2
14162,173,2,289.36,2
14163,86,4,2445.91,1
14164,70,2,1631.77,3
14165,275,1,122.53999999999999,2
14167,38,4,574.84,3
14171,97,1,363.79,0
14173,10,4,450.84,3
14174,32,1,134.46,0
14175,59,3,3222.3,1
14176,296,4,576.9000000000001,2
14177,85,4,559.41,3
14178,8,7,1620.93,1
14179,40,2,719.78,0
14184,66,1,452.89,0
14188,30,6,2054.36,1
14193,67,2,853.39,0
14195,201,2,1012.0,2
14196,106,1,335.52,0
14198,17,4,701.4,3
14199,217,1,185.39999999999998,2
14201,59,7,747.44,3
14204,1,1,161.03,0
14205,16,2,466.7,0
14206,238,1,328.15999999999997,2
14208,94,1,151.74,0
14209,10,6,2073.43,1
14210,105,6,1905.8400000000001,1
14211,52,9,2241.1,1
14212,89,1,1070.48,0
14214,30,5,1004.38,3
14215,11,6,1789.72,1
14216,2,4,1839.3,3
14218,42,1,169.48000000000002,0
14219,3,1,89.94,0
14220,246,2,632.4,2
14221,41,9,3432.8,1
14222,176,1,683.17,2
14223,91,3,991.13,3
14224,109,4,1050.12,3
14226,28,5,2232.19,1
14227,25,10,3350.96,1
14229,51,3,1547.2,3
14231,183,3,925.71,2
14232,42,5,2048.07,1
14233,48,4,1462.72,3
14234,21,4,775.46,3
14235,74,5,3144.86,1
14236,80,2,490.86,0
14238,325,1,146.85,2
14239,42,11,2380.85,1
14240,29,2,890.34,0
14241,183,1,213.70000000000002,2
14242,234,2,280.55,2
14243,8,10,2588.77,1
14245,219,2,1693.45,2
14246,110,3,1474.06,3
14247,277,1,136.76999999999998,2
14248,317,1,302.58,2
14250,6,3,1904.05,3
14251,1,5,2879.7000000000003,1
14256,259,2,969.0600000000001,2
14257,63,5,3099.7200000000003,1
14259,141,1,120.0,2
14261,50,2,1163.45,3
14262,7,8,2618.23,1
14264,154,2,333.97,2
14265,108,2,530.18,0
14267,162,3,1516.24,3
14271,225,1,112.32,2
14272,73,2,437.96,0
14273,50,4,559.97,3
14276,98,3,1119.74,3
14280,196,1,134.04,2
14284,30,2,595.25,0
14285,20,4,1910.01,3
14287,7,3,176.63,0
14288,212,1,426.6,2
14289,8,6,911.26,3
14290,10,5,2314.65,1
14293,2,4,1046.56,3
14295,39,1,166.20000000000002,0
14297,17,4,1305.33,3
14300,18,1,43.2,0
14301,116,1,640.14,0
14304,222,1,383.45,2
14305,70,3,1858.96,3
14306,50,2,2093.32,3
14307,88,6,2995.72,1
14309,7,9,2352.53,1
14311,242,1,310.26,2
14312,46,6,1611.59,3
14314,106,1,120.0,0
14315,44,6,2481.13,1
14317,64,1,508.58000000000004,0
14320,206,2,477.79,2
14321,10,5,1530.75,3
14323,114,2,605.0600000000001,0
14326,241,1,183.85,2
14327,162,1,311.65,2
14331,123,2,462.65999999999997,0
14332,22,3,866.31,3
14333,67,1,415.2,0
14334,16,8,2552.21,1
14335,15,2,468.26,0
14336,16,4,1614.91,3
14338,160,2,588.22,2
14339,242,1,309.52,2
14340,218,1,134.7,2
14341,44,8,2182.28,1
14342,20,4,668.5600000000001,3
14344,126,8,889.9300000000001,3
14345,38,1,108.97999999999999,0
14346,120,2,1021.58,0
14348,259,1,409.57,2
14349,9,1,133.5,0
14350,273,1,282.93,2
14351,164,1,51.0,2
14352,156,4,1078.96,3
14353,214,1,90.6,2
14354,5,2,163.62,0
14356,79,2,701.23,0
14357,42,1,225.77,0
14359,18,3,912.18,3
14360,31,4,2128.23,3
14362,21,1,161.2,0
14368,319,1,155.0,2
14371,294,1,100.5,2
14375,184,1,257.68,2
14377,190,2,617.05,2
14379,43,2,348.1,0
14381,51,1,202.68,0
14382,25,1,626.0699999999999,0
14383,37,3,1247.69,3
14385,8,3,202.11,0
14386,296,1,142.4,2
14387,32,3,1770.56,3
14388,9,8,3212.84,1
14389,64,2,1043.46,0
14393,217,1,67.95,2
14395,1,9,3507.71,1
14396,64,2,487.99,0
14400,148,1,574.7,2
14403,129,4,1475.81,3
14404,33,6,1474.32,3
14406,118,1,156.75,0
14407,106,6,2157.73,1
14408,10,7,2606.53,1
14409,70,6,2059.4500000000003,1
14410,91,9,1105.07,1
14411,310,1,1063.0,2
14412,42,2,770.03,0
14414,91,7,1496.98,1
14416,21,2,490.22,0
14418,3,3,1937.25,3
14419,10,6,1058.06,3
14420,98,1,387.52,0
14421,56,2,813.11,0
14423,217,1,265.2,2
14424,17,1,322.08,0
14427,49,2,363.34000000000003,0
14428,6,5,1244.83,3
14431,302,1,470.36,2
14432,9,6,2255.51,1
14434,21,6,1372.8,3
14436,98,1,89.06,0
14438,305,1,131.9,2
14439,319,1,2661.24,2
14440,7,5,2357.6800000000003,1
14441,0,4,1712.89,3
14442,204,2,1589.82,2
14443,53,4,1420.2,3
14446,0,4,1039.58,3
14447,18,5,1163.23,3
14448,8,2,375.35,0
14449,18,4,907.1,3
14450,180,3,483.25,2
14451,59,2,662.59,0
14452,10,2,264.44,0
14453,189,1,119.93,2
14456,4,9,3062.4,1
14457,310,1,113.64,2
14459,154,1,1837.92,3
14460,109,3,434.34,0
14461,147,3,2103.06,3
14462,65,11,2004.02,1
14463,97,3,529.62,0
14465,246,3,1058.6200000000001,2
14466,28,7,2272.4,1
14467,17,4,598.76,3
14470,11,2,461.19,0
14472,103,8,1936.84,1
14473,73,2,234.34000000000003,0
14474,45,1,547.66,0
14475,71,3,925.85,3
14476,256,1,215.7,2
14477,19,4,1309.6,3
14479,253,2,316.25,2
14480,10,1,279.05,0
14481,164,2,636.51,2
14482,17,6,2068.15,1
14483,281,1,137.1,2
14484,49,1,321.92,0
14485,38,1,165.75,0
14487,26,6,1196.33,3
14488,67,1,1064.28,0
14489,206,1,463.38,2
14491,174,2,340.93,2
14493,6,5,2383.2400000000002,1
14494,25,1,139.56,0
14495,50,2,123.8,0
14496,311,2,538.8100000000001,2
14497,308,1,475.37,2
14498,42,5,1957.32,3
14499,25,3,815.32,3
14500,87,3,356.85,0
14501,183,2,251.21,2
14502,19,11,2470.67,1
14503,2,6,3543.26,1
14504,46,4,673.26,3
14506,16,5,2012.17,1
14507,23,6,1383.18,3
14508,21,2,276.42,0
14511,10,5,1314.81,3
14512,187,2,275.28,2
14513,100,3,455.59000000000003,0
14514,60,3,1055.35,3
14515,17,6,2102.09,1
14517,32,2,330.45,0
14518,63,1,174.37,0
14520,1,2,270.6,0
14522,23,4,974.54,3
14523,107,1,241.09,0
14524,31,9,1867.68,1
14528,36,1,364.21999999999997,0
14529,59,3,620.04,0
14530,25,6,2925.91,1
14532,235,4,932.85,2
14533,24,7,1949.72,1
14535,59,3,2864.19,1
14536,259,1,171.8,2
14537,57,1,355.56,0
14538,64,2,388.25,0
14539,15,2,537.48,0
14540,9,3,996.26,3
14541,58,8,1461.65,1
14542,185,1,103.25,2
14544,23,2,2024.45,3
14546,4,5,2578.09,1
14548,150,2,652.8,2
14549,310,1,289.24,2
14550,10,2,765.62,0
14551,17,2,186.23,0
14552,151,1,165.07,2
14553,18,5,859.27,3
14554,9,4,2381.04,1
14555,56,2,324.14,0
14557,84,1,788.38,0
14561,75,3,1080.76,3
14565,95,4,3099.12,1
14566,110,1,1432.0,0
14567,56,2,1530.3600000000001,3
14569,0,1,227.39,0
14570,280,2,218.06,2
14572,2,7,2832.84,1
14573,179,9,1653.42,1
14577,12,4,859.71,3
14578,2,1,168.63,0
14581,16,1,138.6,0
14582,40,1,114.11,0
14583,5,5,1052.55,3
14584,168,4,1042.26,3
14585,49,1,157.05,0
14586,276,1,237.36,2
14587,18,9,1601.14,1
14591,14,4,1447.14,3
14592,34,3,570.46,0
14593,21,3,617.99,0
14594,6,2,379.83,0
14595,19,6,1740.6,1
14597,10,2,883.15,0
14598,43,1,221.97,0
14600,305,1,393.33000000000004,2
14601,10,1,213.96,0
14603,274,1,660.0,2
14608,3,4,1785.15,3
14609,71,4,601.56,3
14616,242,3,406.08000000000004,2
14618,8,3,553.44,0
14619,245,1,394.44,2
14620,205,2,412.78000000000003,2
14621,0,5,1788.3600000000001,3
14622,184,1,320.58000000000004,2
14623,31,5,889.25,3
14624,56,2,225.85,0
14625,195,2,899.63,2
14626,23,4,2791.27,1
14628,90,2,671.96,0
14629,3,2,959.01,0
14631,50,3,1006.98,3
14632,262,1,114.56,2
14633,265,1,344.90000000000003,2
14636,35,2,609.85,0
14638,50,1,443.6,0
14639,51,6,2984.49,1
14640,23,6,2125.08,1
14641,21,1,110.46,0
14642,58,1,96.12,0
14643,169,2,693.8100000000001,2
14644,67,2,830.76,0
14645,156,2,597.09,2
14647,200,1,243.22,2
14649,4,4,1417.29,3
14651,66,2,654.6,0
14652,76,1,114.18,0
14653,0,7,1947.55,1
14655,7,4,1932.23,3
14656,168,2,291.05,2
14657,17,4,848.22,3
14658,4,2,247.15,0
14659,8,9,2529.93,1
14660,86,2,285.74,0
14661,26,1,107.95,0
14662,28,4,771.17,3
14664,19,2,637.89,0
14665,60,5,1835.7,3
14666,23,1,195.25,0
14669,241,3,1269.99,2
14670,279,2,411.53,2
14672,234,2,765.55,2
14673,2,5,1736.4,3
14675,15,1,604.75,0
14676,30,6,2548.2400000000002,1
14681,70,3,498.95,0
14682,187,2,52.0,2
14684,25,5,1236.28,3
14687,106,1,628.38,0
14689,208,1,112.8,2
14690,43,2,371.7,0
14691,30,5,2114.33,1
14692,136,4,591.55,3
14693,264,1,172.9,2
14696,3,7,2078.95,1
14697,217,2,188.60999999999999,2
14698,1,5,1250.76,3
14699,213,1,109.13000000000001,2
14700,31,3,2235.3,3
14701,10,9,2549.37,1
14703,14,1,318.17,0
14704,10,9,1546.91,1
14705,198,1,179.0,2
14708,2,3,1126.37,3
14710,13,4,606.13,3
14711,9,11,2868.8,1
14712,28,3,917.07,3
14713,8,11,2666.36,1
14714,23,1,160.19,0
14715,24,4,867.38,3
14716,42,2,329.68,0
14719,1,5,1602.13,3
14720,5,3,663.81,0
14722,146,1,187.92000000000002,2
14723,9,6,1158.3,3
14725,24,1,718.08,0
14727,273,1,268.58,2
14730,0,8,2005.06,1
14731,46,3,380.02,0
14732,7,8,2702.4900000000002,1
14737,3,3,1164.55,3
14738,42,7,1314.45,3
14740,196,3,1448.21,2
14741,11,6,1400.34,3
14744,15,7,1099.98,3
14745,112,5,1220.26,3
14747,248,1,328.2,2
14748,28,5,1415.75,3
14752,43,1,389.64,0
14753,86,1,563.15,0
14754,44,2,638.05,0
14756,14,1,738.96,0
14757,74,1,420.5,0
14758,144,4,1484.06,3
14759,4,3,1625.97,3
14760,296,1,89.2,2
14761,58,2,255.9,0
14762,263,1,300.52,2
14764,46,1,278.3,0
14765,28,3,254.11,0
14766,7,6,2473.37,1
14768,16,2,192.60000000000002,0
14770,231,2,876.42,2
14772,111,1,139.26,0
14775,57,3,1011.9,3
14776,50,11,2538.3,1
14778,126,2,730.86,0
14779,280,3,386.15,2
14780,54,2,447.68,0
14782,319,1,200.10000000000002,2
14784,25,2,289.99,0
14785,9,2,77.4,0
14788,6,2,679.4399999999999,0
14789,28,1,197.64,0
14790,16,4,745.06,3
14792,63,1,6.2,0
14793,20,1,228.99,0
14794,2,7,1319.91,1
14795,165,1,131.45000000000002,2
14798,52,3,173.74,0
14799,50,1,157.7,0
14801,60,1,193.14,0
14803,161,3,845.55,2
14804,8,1,353.27,0
14805,14,4,554.65,3
14806,74,1,193.39000000000001,0
14808,39,8,2741.17,1
14810,40,11,2087.88,1
14815,36,2,778.5,0
14816,196,1,271.85,2
14817,199,2,1110.34,2
14818,73,3,657.8,0
14819,63,2,272.07,0
14820,20,4,507.29,3
14823,179,3,321.43,2
14824,9,4,1127.71,3
14828,196,3,2139.76,3
14829,28,4,697.55,3
14830,52,1,197.13,0
14834,17,6,1720.3,1
14836,9,3,102.44999999999999,0
14837,89,4,1649.5,3
14840,267,1,62.85,2
14841,52,6,3295.76,1
14842,43,4,2824.69,1
14844,63,4,3189.81,1
14847,148,1,309.4,2
14850,311,1,325.75,2
14851,22,2,511.35,0
14852,57,6,2836.69,1
14853,23,2,475.8,0
14854,77,7,2759.83,1
14855,118,2,645.65,0
14856,35,3,1311.3799999999999,3
14857,59,2,1173.12,3
14859,12,4,1353.74,3
14860,18,1,170.32,0
14861,51,1,125.79,0
14862,25,2,841.1999999999999,0
14863,28,1,266.76,0
14865,6,2,52.2,0
14867,185,3,710.28,2
14868,2,8,2953.59,1
14869,8,2,725.7,0
14870,261,1,327.25,2
14871,2,4,522.38,3
14873,209,1,519.68,2
14875,107,2,1465.3200000000002,3
14878,12,9,1485.54,1
14880,76,3,706.19,0
14881,19,1,255.4,0
14882,26,2,589.7,0
14883,18,6,761.59,3
14885,131,1,765.3199999999999,0
14886,252,1,364.8,2
14887,78,1,1862.0,3
14888,206,1,369.2,2
14890,253,1,125.65,2
14891,147,2,554.38,2
14893,9,2,1237.8500000000001,3
14894,84,1,655.75,0
14896,204,2,468.77000000000004,2
14897,7,4,1366.38,3
14898,22,6,1303.52,3
14901,10,9,1421.29,1
14902,25,1,332.66,0
14903,20,5,2810.63,1
14904,1,2,1025.44,0
14905,157,2,616.15,2
14907,2,7,3501.1,1
14908,73,1,277.8,0
14910,2,4,434.35,3
14912,16,2,867.85,0
14913,35,4,1227.43,3
14915,90,2,307.48,0
14916,70,4,1268.98,3
14918,115,2,1610.15,3
14920,212,2,977.77,2
14921,29,2,1316.07,3
14923,50,1,749.1,0
14924,245,1,310.05,2
14929,31,1,223.88,0
14930,108,3,2372.86,3
14931,4,5,1257.68,3
14934,81,2,1890.94,3
14935,296,1,1784.71,2
14937,56,3,1621.88,3
14946,13,1,100.9,0
14947,71,2,290.82,0
14948,22,6,1101.97,3
14950,18,1,371.2,0
14951,78,1,311.69,0
14953,24,1,289.82,0
14954,11,1,336.17,0
14957,252,1,58.49,2
14958,146,3,499.68,2
14959,63,4,695.42,3
14960,7,2,221.27,0
14962,270,1,126.7,2
14963,9,5,1487.8,3
14964,246,1,206.21,2
14965,95,2,599.0,0
14966,14,1,191.32,0
14967,49,1,463.8,0
14968,29,1,147.59,0
14970,67,4,1592.06,3
14971,34,3,1116.57,3
14972,127,1,114.77,0
14973,106,3,1314.45,3
14974,36,1,114.39,0
14975,56,1,279.94,0
14976,56,7,790.86,3
14978,71,5,1931.42,3
14981,245,1,102.12,2
14984,18,2,213.27,0
14985,197,2,296.75,2
14987,15,2,326.4,0
14988,211,1,334.54,2
14995,38,2,233.23000000000002,0
14997,45,3,546.1999999999999,0
14998,169,2,429.87,2
15000,47,1,490.52,0
15002,115,4,1641.76,3
15004,146,1,1246.32,2
15006,50,1,502.09,0
15007,158,1,156.91,2
15009,11,3,1261.78,3
15010,35,1,308.94,0
15012,53,2,423.04,0
15014,42,2,260.17,0
15016,172,1,170.04,2
15017,33,1,125.58,0
15018,38,3,496.21000000000004,0
15019,266,1,266.0,2
15021,8,9,1914.82,1
15022,11,4,905.04,3
15024,9,10,1661.33,1
15025,32,1,377.01,0
15026,79,3,469.0,0
15027,30,4,1066.1499999999999,3
15028,7,4,627.13,3
15030,71,2,518.28,0
15031,3,4,668.14,3
15033,4,10,2586.67,1
15035,89,1,252.73000000000002,0
15036,71,3,465.55,0
15038,58,6,705.49,3
15041,169,1,180.35,2
15042,198,1,135.93,2
15043,30,1,537.0,0
15045,151,2,735.66,2
15047,269,1,343.62,2
15048,64,4,384.05,0
15049,273,1,121.17000000000002,2
15050,24,3,1782.09,3
15051,22,3,1391.61,3
15052,318,1,215.78,2
15053,4,3,697.79,0
15054,11,2,302.1,0
15057,274,2,1489.5,2
15058,24,11,2124.9900000000002,1
15059,40,9,1337.72,1
15060,7,4,303.09,0
15062,70,4,987.86,3
15063,212,1,370.79999999999995,2
15065,37,4,3158.13,1
15066,52,1,893.59,0
15067,77,3,1744.76,3
15068,45,2,553.36,0
15069,178,1,1109.53,2
15071,93,2,982.07,0
15073,9,3,1043.41,3
15074,104,1,748.87,0
15075,77,1,773.03,0
15076,172,1,880.85,2
15079,212,4,895.61,2
15081,21,5,504.8,3
15083,256,1,88.2,2
15087,281,1,306.94,2
15088,20,2,1160.07,3
15089,9,6,2420.84,1
15090,307,1,381.32,2
15091,67,1,480.71,0
15092,214,2,457.81,2
15095,103,4,1370.6,3
15096,42,1,219.39000000000001,0
15097,3,1,248.08,0
15099,83,1,410.48,0
15101,8,2,317.53,0
15103,30,2,703.36,0
15104,196,2,1027.44,2
15105,17,7,2298.93,1
15106,17,5,1422.52,3
15107,310,6,319.5,2
15108,141,4,1300.25,3
15109,245,1,484.95,2
15110,23,4,996.1,3
15111,28,3,1567.48,3
15113,9,3,3609.33,1
15114,29,10,2760.56,1
15115,17,1,340.11,0
15116,17,4,1352.75,3
15117,14,5,1551.78,3
15118,133,1,244.8,0
15119,245,1,266.4,2
15120,133,1,358.82,0
15121,49,2,457.72,0
15122,113,3,1633.78,3
15123,6,2,2199.31,3
15124,22,2,184.19,0
15127,65,1,406.53,0
15128,59,4,1471.0,3
15129,49,11,3447.4,1
15130,169,1,330.11,2
15132,17,5,977.9300000000001,3
15133,127,3,982.42,3
15134,14,8,1387.99,1
15135,238,1,139.05,2
15136,2,4,1286.7,3
15139,239,2,178.96,2
15140,51,7,2354.25,1
15142,45,1,498.74,0
15143,225,1,259.45,2
15145,3,4,1194.73,3
15146,164,2,1327.16,2
15147,239,1,623.5,2
15148,10,1,301.29,0
15149,133,1,520.8000000000001,0
15153,30,1,329.25,0
15154,74,1,296.42,0
15156,0,3,961.49,3
15157,3,3,1936.07,3
15158,44,1,401.40000000000003,0
15163,17,2,304.47,0
15164,68,3,843.05,3
15167,320,1,163.0,2
15168,25,1,106.56,0
15172,8,5,1624.05,3
15174,322,1,135.75,2
15175,71,1,224.14,0
15178,259,1,40.5,2
15179,17,5,2206.95,1
15181,65,3,689.4799999999999,0
15182,153,2,622.85,2
15184,28,2,406.76,0
15185,69,1,310.62,0
15186,13,2,411.41,0
15192,119,3,1044.32,3
15193,60,1,499.32,0
15197,10,3,1079.6100000000001,3
15198,91,2,193.64,0
15199,58,4,1268.7,3
15201,86,5,1236.54,3
15203,25,6,1827.8,1
15205,84,2,653.24,0
15206,9,4,420.29999999999995,3
15208,0,5,870.12,3
15210,224,1,331.18,2
15211,59,2,894.4100000000001,0
15212,240,1,101.8,2
15213,318,2,328.35,2
15214,1,8,1661.44,1
15215,46,3,734.94,0
15216,87,1,96.6,0
15219,175,1,305.75,2
15220,51,6,1778.96,1
15222,318,1,585.0,2
15223,225,2,755.75,2
15225,233,1,409.40000000000003,2
15226,310,1,154.41,2
15227,36,5,1219.4,3
15228,65,4,3386.71,1
15230,238,2,429.6,2
15232,112,2,612.06,0
15234,276,1,197.0,2
15236,298,1,321.05,2
15237,1,4,1412.32,3
15238,28,3,1071.99,3
15239,9,2,780.59,0
15240,44,5,1706.57,3
15241,66,8,1756.44,1
15243,73,1,316.68,0
15244,64,2,631.57,0
15245,133,3,2515.84,3
15246,237,2,514.15,2
15247,121,1,356.0,0
15252,35,2,740.78,0
15253,15,5,918.1999999999999,3
15254,126,1,300.36,0
15255,66,1,890.85,0
15256,148,1,98.45,2
15257,282,1,317.15,2
15258,168,2,623.16,2
15260,99,7,1810.77,1
15261,134,1,254.82,0
15262,323,1,178.95000000000002,2
15263,106,1,156.51,0
15264,63,1,393.74,0
15265,150,2,1506.1200000000001,3
15267,21,5,1717.36,3
15269,23,1,408.8,0
15270,15,7,2379.49,1
15272,56,2,721.94,0
15274,3,2,716.57,0
15275,37,1,615.14,0
15276,65,1,135.31,0
15277,46,1,255.89999999999998,0
15280,171,1,113.12,2
15281,58,9,2332.15,1
15286,49,1,240.55,0
15287,21,2,486.69,0
15288,42,5,2306.52,1
15289,28,3,939.78,3
15292,200,1,180.94,2
15296,50,6,3672.86,1
15297,9,3,641.94,0
15300,63,1,496.44,0
15303,289,1,574.02,2
15304,60,8,694.4000000000001,3
15306,63,3,1174.35,3
15307,95,1,205.3,0
15308,273,1,310.47,2
15312,74,4,924.85,3
15313,109,1,52.0,0
15314,198,1,327.97,2
15315,63,2,570.5,0
15316,326,1,165.0,2
15318,3,1,312.62,0
15319,283,1,204.5,2
15320,43,1,267.13,0
15321,70,3,2748.31,3
15322,85,1,679.68,0
15325,103,1,162.29,0
15327,52,1,208.75,0
15329,38,3,1049.7,3
15330,31,2,714.96,0
15333,207,1,1028.56,2
15334,156,3,351.67,2
15335,53,1,173.97,0
15339,65,2,574.07,0
15341,80,1,2020.52,3
15342,129,1,406.09,0
15343,86,1,364.5,0
15344,0,3,563.94,0
15345,45,1,393.54,0
15348,71,1,158.04,0
15349,157,2,473.81,2
15351,11,7,1960.1100000000001,1
15353,254,2,777.02,2
15355,28,2,277.05,0
15356,30,10,2766.5,1
15360,39,1,427.93,0
15364,95,2,913.19,0
15365,25,7,2314.32,1
15366,74,2,602.51,0
15367,56,4,1877.59,3
15368,20,1,446.94000000000005,0
15370,40,7,2386.05,1
15372,136,1,2007.3999999999999,3
15374,128,1,168.0,0
15376,39,3,1233.3600000000001,3
15380,8,5,1690.2600000000002,3
15381,213,2,596.85,2
15384,169,2,642.41,2
15385,39,1,316.88,0
15386,185,1,394.14,2
15388,269,1,140.54,2
15389,171,1,500.0,2
15392,4,4,1535.53,3
15393,15,2,231.86,0
15394,9,4,2183.54,3
15395,325,1,107.45,2
15396,112,1,288.18,0
15397,289,1,94.0,2
15398,15,2,1345.53,3
15399,0,3,815.77,3
15400,91,5,716.2,3
15402,148,2,626.77,2
15405,188,1,349.1,2
15406,30,2,510.71000000000004,0
15407,33,4,1056.44,3
15408,263,1,267.18,2
15410,83,8,3450.84,1
15411,25,4,1358.88,3
15412,170,1,190.53,2
15414,9,3,774.9000000000001,3
15415,312,1,572.8100000000001,2
15417,84,1,508.8,0
15419,24,1,135.86,0
15421,58,4,950.36,3
15422,322,2,97.7,2
15423,37,1,43.5,0
15424,253,2,383.34,2
15426,18,5,1447.39,3
15427,32,3,1483.14,3
15428,14,1,93.78,0
15429,26,2,397.35,0
15432,22,1,171.19,0
15433,213,2,533.3,2
15434,7,5,1041.48,3
15435,21,1,149.29,0
15436,11,3,1122.53,3
15437,261,1,200.16,2
15438,130,1,156.57999999999998,0
15440,54,3,383.68,0
15442,248,1,594.0,2
15443,1,7,3236.91,1
15444,8,2,1418.26,3
15445,263,1,113.5,2
15448,312,1,494.64,2
15449,25,3,974.52,3
15450,29,1,429.84,0
15452,29,3,538.73,0
15453,1,7,1388.37,1
15456,282,3,447.22,2
15457,261,1,237.07,2
15458,24,1,161.64,0
15462,93,3,234.6,0
15463,28,1,126.14,0
15466,84,1,334.53,0
15467,8,3,524.88,0
15468,50,2,467.51,0
15469,49,2,538.55,0
15471,1,1,469.48,0
15472,112,1,371.56,0
15473,13,7,1771.2,1
15475,76,1,454.10999999999996,0
15478,39,2,1441.42,3
15480,115,1,905.5,0
15483,160,4,233.81,2
15484,0,4,3594.31,1
15485,29,3,2575.0,3
15488,92,1,91.32000000000001,0
15489,22,3,1134.28,3
15491,94,6,3100.09,1
15492,27,2,659.4599999999999,0
15493,32,5,2001.8,3
15494,20,2,1299.23,3
15497,17,2,1262.2,3
15500,7,4,1131.56,3
15504,80,1,52.83,0
15505,52,5,3610.96,1
15506,22,3,979.26,3
15507,171,1,492.36,2
15508,188,6,1000.27,3
15511,11,5,909.23,3
15512,155,2,121.0,2
15516,44,3,62.43,0
15517,232,1,267.03,2
15518,63,8,1942.45,1
15520,1,1,343.5,0
15521,39,8,3000.2,1
15522,32,2,398.84,0
15523,83,1,412.01000000000005,0
15524,24,1,440.0,0
15525,1,3,825.92,3
15526,32,2,148.44,0
15527,18,8,2429.78,1
15528,253,1,229.33,2
15530,21,4,1502.35,3
15531,7,2,2007.44,3
15532,24,4,1580.93,3
15533,18,3,807.57,3
15535,172,4,536.4,2
15537,162,1,110.92,2
15539,6,1,538.46,0
15540,10,1,213.3,0
15541,113,1,85.13000000000001,0
15543,287,1,127.86,2
15544,8,9,3546.71,1
15545,53,2,292.71999999999997,0
15549,76,3,1693.26,3
15550,3,4,575.63,3
15551,36,1,436.06,0
15552,216,1,90.12,2
15553,59,1,437.23,0
15554,277,1,217.2,2
15556,23,1,279.77,0
15557,28,1,473.65000000000003,0
15561,11,4,800.59,3
15563,21,4,1400.44,3
15565,49,2,173.16,0
15567,18,1,186.01,0
15568,2,3,758.29,3
15569,103,5,1375.71,3
15571,11,4,650.4300000000001,3
15572,4,7,2552.86,1
15573,31,2,607.45,0
15574,177,4,702.25,2
15576,37,1,940.6700000000001,0
15577,150,3,258.88,2
15578,161,1,127.1,2
15579,68,2,348.6,0
15582,24,3,682.9100000000001,0
15584,23,4,725.11,3
15585,176,1,455.3,2
15587,49,4,913.6800000000001,3
15589,255,3,478.53000000000003,2
15592,46,1,388.58,0
15593,70,1,199.8,0
15594,15,5,1771.78,3
15596,100,5,1406.59,3
15597,34,1,324.57,0
15598,52,1,240.68,0
15599,26,2,761.74,0
15602,7,9,1297.8700000000001,1
15603,78,1,48.480000000000004,0
15604,51,1,216.39,0
15605,35,5,1198.23,3
15606,60,9,2920.16,1
15608,27,4,1093.68,3
15609,183,1,298.48,2
15610,51,1,112.46000000000001,0
15612,35,2,195.15,0
15618,32,4,776.851,3
15619,10,1,336.40000000000003,0
15620,56,3,1553.18,3
15621,3,4,1293.03,3
15623,140,1,301.03,2
15624,116,4,588.13,3
15625,103,4,1534.26,3
15626,74,2,675.8,0
15628,4,9,2870.2400000000002,1
15630,44,2,1186.35,3
15632,15,8,3285.31,1
15634,16,1,243.55,0
15636,89,2,724.76,0
15637,52,1,223.36,0
15639,133,1,425.32,0
15641,104,4,1887.2,3
15643,191,3,664.0,2
15644,165,4,813.0,2
15645,18,1,612.01,0
15646,157,3,447.64000000000004,2
15648,203,2,657.35,2
15651,36,3,646.3,0
15652,90,1,337.74,0
15653,92,2,877.4399999999999,0
15654,8,2,922.53,0
15655,242,1,560.67,2
15656,44,4,748.5,3
15657,22,1,30.0,0
15658,189,5,1024.1000000000001,3
15659,43,1,306.45,0
15660,24,9,1600.86,1
15661,316,2,309.8,2
15663,105,1,138.14,0
15664,50,1,386.43,0
15665,167,2,2242.01,3
15667,39,1,301.32,0
15668,217,1,76.32000000000001,2
15669,39,4,684.34,3
15670,296,1,173.05,2
15671,18,7,2657.13,1
15673,87,4,2881.02,1
15674,72,5,2446.6,1
15675,80,3,323.69,0
15676,18,3,3435.76,1
15677,48,1,657.23,0
15678,52,1,352.7,0
15679,23,4,781.28,3
15680,8,3,1333.68,3
15681,24,5,1426.16,3
15683,116,1,193.75,0
15687,8,9,2993.1,1
15689,119,2,254.1,0
15690,3,2,239.76,0
15691,251,1,136.8,2
15692,27,1,191.04,0
15695,266,2,409.98,2
15696,32,8,2736.46,1
15699,17,1,309.65,0
15700,171,2,696.68,2
15701,1,4,1542.14,3
15703,264,1,211.5,2
15704,139,4,2293.62,3
15705,200,1,143.1,2
15706,63,4,1060.56,3
15707,34,4,945.58,3
15708,40,7,3364.2400000000002,1
15709,283,1,133.25,2
15712,8,5,1072.3600000000001,3
15713,142,2,356.7,2
15714,11,2,330.88,0
15716,145,4,1118.81,3
15717,233,1,150.3,2
15720,23,1,598.73,0
15721,11,1,507.08,0
15722,35,5,2222.56,1
15724,200,2,218.25,2
15725,14,1,415.25,0
15729,212,1,85.0,2
15730,65,3,1120.88,3
15732,211,2,294.12,2
15733,282,1,162.3,2
15734,114,2,1339.45,3
15737,14,8,1205.1200000000001,1
15739,65,1,449.12,0
15740,48,1,154.88,0
15743,15,4,784.46,3
15744,77,1,34.8,0
15745,18,4,1094.59,3
15746,133,1,196.88,0
15747,12,3,974.04,3
15748,39,1,149.31,0
15750,2,8,2465.48,1
15752,39,7,2637.38,1
15753,304,1,79.2,2
15754,50,3,458.57,0
15755,9,6,2364.25,1
15756,60,4,532.96,3
15757,65,2,714.42,0
15758,24,1,205.25,0
15759,217,3,253.04,2
15762,64,2,583.75,0
15763,31,2,1086.92,0
15764,87,6,3279.97,1
15766,63,1,315.06,0
15768,115,3,621.8299999999999,0
15773,5,1,635.6800000000001,0
15774,68,1,270.8,0
15775,244,1,104.9,2
15776,132,1,241.62,0
15777,240,4,1047.11,2
15780,183,3,475.28000000000003,2
15781,24,3,345.46,0
15782,9,3,2614.7400000000002,3
15783,10,1,246.3,0
15785,32,5,2328.9700000000003,1
15787,25,3,948.05,3
15790,9,1,220.85,0
15791,43,2,1612.69,3
15793,14,3,965.61,3
15795,149,1,610.01,2
15796,0,8,2711.56,1
15797,112,4,2207.4,3
15799,75,3,884.14,3
15800,106,2,699.08,0
15801,45,3,1063.95,3
15802,142,1,451.42,2
15803,50,1,415.82000000000005,0
15806,45,3,784.58,3
15807,49,3,903.9,3
15809,35,5,515.77,3
15810,78,4,1391.98,3
15811,21,6,2218.62,1
15812,106,5,1801.14,3
15813,207,2,1303.9099999999999,2
15814,16,4,1945.33,3
15815,63,5,2100.6,1
15819,48,4,1905.45,3
15820,319,1,206.98,2
15821,43,2,570.96,0
15822,2,2,885.47,0
15825,171,1,532.94,2
15826,55,3,1654.31,3
15829,98,2,636.14,0
15830,37,1,576.0,0
15831,57,3,801.76,3
15832,253,1,836.79,2
15834,69,4,2233.75,3
15835,43,4,954.09,3
15836,49,1,137.37,0
15837,64,1,391.98,0
15839,32,3,1048.49,3
15840,58,2,355.56,0
15841,72,4,1224.06,3
15843,303,1,118.95000000000002,2
15844,45,1,130.73999999999998,0
15847,37,2,389.27,0
15850,18,2,238.85,0
15852,186,2,160.71,2
15853,51,1,110.8,0
15855,136,5,712.24,3
15857,18,1,297.0,0
15858,15,5,1438.85,3
15860,40,8,977.21,1
15861,11,8,3165.36,1
15862,7,4,832.88,3
15863,25,2,68.84,0
15864,21,6,1936.3200000000002,1
15865,40,3,895.13,3
15866,100,1,230.53,0
15869,276,2,149.64,2
15870,32,1,354.09000000000003,0
15872,14,2,360.93,0
15877,1,2,493.28,0
15881,311,5,501.39000000000004,2
15882,198,4,516.36,2
15883,1,2,396.48,0
15885,92,3,379.35,0
15886,59,1,181.09,0
15888,80,1,168.31,0
15889,156,2,446.87,2
15891,226,1,524.52,2
15894,252,2,263.55,2
15895,149,1,179.17,2
15897,193,2,222.05,2
15898,0,5,1388.88,3
15900,23,1,351.11,0
15901,16,3,363.88,0
15904,7,1,164.68,0
15906,19,7,1567.69,1
15907,3,3,967.45,3
15909,173,1,191.94,2
15910,0,8,1232.18,1
15912,177,2,264.62,2
15916,15,8,1528.09,1
15917,247,1,123.1,2
15918,190,2,334.23,2
15919,19,2,639.89,0
15920,153,4,167.5,2
15921,172,1,336.03000000000003,2
15925,193,1,207.15,2
15930,66,1,426.63,0
15932,3,8,2495.87,1
15933,20,3,1107.46,3
15935,238,2,416.86,2
15937,63,1,145.35,0
15938,111,5,404.58,3
15940,310,1,35.8,2
15942,133,1,337.44,0
15944,276,1,325.1,2
15947,82,1,1708.24,3
15948,7,2,955.24,0
15949,16,2,364.72,0
15950,31,4,1765.51,3
15951,8,2,708.22,0
15952,33,4,806.57,3
15953,14,8,1659.3799999999999,1
15957,31,1,428.89,0
15958,73,1,104.35,0
15963,19,2,470.76,0
15965,16,4,845.64,3
15967,22,2,418.83,0
15969,2,3,666.1,0
15970,303,1,314.1,2
15974,38,7,3442.15,1
15975,83,1,371.01,0
15976,164,2,430.94,2
15977,16,2,1054.73,0
15978,76,1,1098.78,0
15980,88,3,2398.86,3
15981,24,8,3408.48,1
15983,21,4,1475.02,3
15984,2,10,2837.67,1
15985,122,2,1142.42,0
15986,29,1,168.12,0
15987,11,7,1451.28,1
15988,18,1,158.03,0
15990,43,2,792.11,0
15992,3,1,41.989999999999995,0
15993,8,7,2797.57,1
15994,54,1,427.07,0
15996,87,6,1060.68,3
15998,36,5,3089.97,1
16003,29,5,2735.37,1
16005,11,4,615.39,3
16006,210,1,101.4,2
16007,47,4,1701.94,3
16008,23,3,478.78,0
16009,21,4,992.71,3
16010,245,3,407.5,2
16012,34,3,1415.29,3
16014,37,3,662.38,0
16015,3,3,705.39,0
16016,2,8,1508.76,1
16017,46,1,211.88,0
16018,38,2,408.90000000000003,0
16020,16,3,851.01,3
16022,259,1,628.28,2
16023,45,3,719.81,0
16024,11,1,251.24,0
16025,29,1,439.65999999999997,0
16026,42,1,236.09,0
16027,91,6,934.62,3
16030,309,1,331.24,2
16031,91,2,548.94,0
16034,195,3,437.7,2
16036,86,2,758.92,0
16037,269,3,855.02,2
16038,7,3,471.78000000000003,0
16040,64,3,1313.55,3
16041,30,3,3166.4,1
16042,21,5,1197.27,3
16043,37,4,773.99,3
16045,119,4,1340.7,3
16049,39,3,1111.79,3
16050,173,1,137.9,2
16052,53,1,362.06,0
16053,32,2,1511.95,3
16054,144,1,783.9,2
16055,220,1,134.8,2
16056,44,1,664.85,0
16057,15,7,2263.12,1
16059,65,6,1459.8600000000001,3
16062,9,4,1153.62,3
16063,259,1,335.32,2
16066,16,5,1521.87,3
16070,21,2,852.15,0
16071,44,1,326.24,0
16072,287,1,584.3199999999999,2
16073,296,1,122.39999999999999,2
16076,2,10,2234.73,1
16078,283,1,79.2,2
16079,16,3,1352.0,3
16080,81,2,217.16,0
16081,55,5,2806.9,1
16083,100,2,1317.62,3
16084,298,1,436.18,2
16085,22,5,981.51,3
16086,58,5,1121.39,3
16091,154,2,315.06,2
16092,114,3,817.86,3
16093,106,1,17.0,0
16094,11,4,1078.23,3
16096,263,1,320.62,2
16097,239,1,185.04999999999998,2
16098,87,7,2005.63,1
16099,49,3,731.9,0
16101,70,1,1290.7,0
16102,41,3,1842.14,3
16103,6,6,1429.64,3
16104,61,1,302.36,0
16105,248,1,336.96,2
16106,65,1,108.38,0
16107,17,7,3204.1600000000003,1
16108,84,1,842.5,0
16109,218,2,611.88,2
16110,44,3,1337.48,3
16112,142,4,195.73999999999998,0
16113,182,1,161.38,2
16114,170,1,135.75000000000003,2
16115,9,8,1667.97,1
16116,211,1,612.78,2
16117,189,1,232.21,2
16119,7,2,423.36,0
16120,58,4,1309.14,3
16121,56,2,867.11,0
16122,72,4,684.4200000000001,3
16123,51,1,307.78,0
16124,316,1,249.0,2
16127,38,1,656.25,0
16128,17,5,1880.22,3
16131,51,6,3506.54,1
16134,21,2,618.09,0
16135,262,1,517.55,2
16136,59,3,709.38,0
16139,18,3,635.41,0
16140,65,2,725.18,0
16141,87,1,620.4,0
16142,249,1,535.34,2
16143,2,6,2424.94,1
16144,246,1,175.2,2
16146,156,3,734.13,2
16147,133,1,375.0,0
16148,295,1,76.32000000000001,2
16149,4,2,280.52,0
16150,42,5,2053.02,1
16152,268,1,1829.04,2
16153,49,5,1824.23,3
16156,8,9,3122.04,1
16157,15,3,656.69,0
16159,281,1,348.2,2
16160,64,2,1025.44,0
16162,251,1,37.4,2
16163,231,2,856.6,2
16164,16,3,822.48,3
16169,7,4,1822.97,3
16170,50,6,1885.05,1
16171,58,1,73.2,0
16172,94,5,1140.21,3
16173,15,6,1418.32,3
16174,125,3,1009.5500000000001,3
16175,93,4,1037.59,3
16177,49,1,331.95,0
16178,137,1,197.9,0
16179,60,1,215.83,0
16181,72,1,305.54,0
16183,66,1,338.71000000000004,0
16184,63,6,1158.79,3
16185,16,2,529.41,0
16188,44,4,981.86,3
16189,15,2,215.48,0
16190,39,1,215.08,0
16193,236,1,314.45,2
16198,74,1,400.68100000000004,0
16200,3,2,1080.6200000000001,0
16201,2,4,1863.47,3
16203,58,4,592.9,3
16204,22,1,405.71,0
16205,30,4,761.38,3
16206,54,4,537.0600000000001,3
16207,24,1,394.38,0
16208,44,2,664.26,0
16209,88,5,2262.62,1
16211,88,1,547.02,0
16212,18,2,690.34,0
16213,78,1,159.0,0
16214,170,3,1062.75,2
16215,80,1,242.35,0
16216,266,1,914.9300000000001,2
16217,234,2,304.25,2
16218,29,7,3084.68,1
16221,36,3,864.86,3
16222,317,1,846.72,2
16224,56,4,1295.3,3
16225,44,5,1096.32,3
16226,202,3,255.12,2
16227,224,1,314.22,2
16229,86,2,1010.6,0
16230,189,2,542.03,2
16232,43,4,990.88,3
16233,70,3,536.6800000000001,0
16235,40,5,867.31,3
16236,77,1,432.2,0
16239,56,2,414.2,0
16242,7,7,3603.21,1
16243,33,2,409.1,0
16244,211,2,1522.75,2
16245,23,3,1413.66,3
16247,169,1,114.56,2
16248,61,1,152.94,0
16249,52,5,1800.07,3
16250,260,2,389.44,2
16253,66,2,3683.86,1
16255,16,8,2619.91,1
16256,266,1,752.4300000000001,2
16257,176,1,46.95,2
16260,50,1,1035.45,0
16261,16,4,746.83,3
16266,73,7,861.89,3
16268,70,2,667.65,0
16271,2,5,1429.24,3
16272,116,1,411.7,0
16275,196,1,559.87,2
16276,176,1,810.6000000000001,2
16278,99,1,566.38,0
16279,20,3,1509.58,3
16281,71,1,2062.06,3
16283,5,5,1570.81,3
16284,30,2,823.97,0
16287,169,1,142.5,2
16292,121,1,302.25,0
16293,21,10,2248.9900000000002,1
16295,9,4,1328.55,3
16297,268,1,301.9,2
16298,22,3,598.2,0
16302,126,1,233.22,0
16305,138,1,361.21999999999997,0
16306,213,6,632.27,2
16308,37,4,2560.0,1
16309,105,2,706.57,0
16311,17,2,616.26,0
16313,2,2,274.15000000000003,0
16316,63,8,2938.91,1
16317,119,3,1341.65,3
16318,34,1,328.15,0
16319,217,1,404.40000000000003,2
16320,171,2,1038.46,2
16321,71,5,373.65000000000003,3
16322,0,2,326.75,0
16323,195,1,207.50000000000003,2
16324,127,3,428.68,0
16325,46,3,594.24,0
16330,17,3,251.91,0
16332,27,7,1593.2,1
16337,36,1,151.05,0
16338,156,1,214.79999999999998,2
16339,283,1,109.95,2
16340,106,1,549.07,0
16341,24,4,1971.87,3
16342,74,4,322.41,0
16343,15,2,370.47999999999996,0
16344,157,1,101.10000000000001,2
16345,43,1,575.41,0
16347,10,2,887.65,0
16348,31,7,1469.45,1
16349,290,1,53.5,2
16350,20,4,1116.47,3
16352,17,2,494.44,0
16354,62,2,395.8,0
16356,197,3,211.77,2
16357,32,3,658.88,0
16358,0,4,2027.5,3
16359,6,9,1750.92,1
16360,4,6,3512.53,1
16361,9,4,896.66,3
16362,31,5,734.77,3
16363,52,1,109.36000000000001,0
16364,11,2,707.04,0
16365,17,9,1540.42,1
16366,18,1,327.3,0
16367,36,2,804.49,0
16368,1,2,497.43,0
16369,17,3,1553.66,3
16370,81,4,1320.56,3
16372,32,2,367.93,0
16374,65,2,473.03000000000003,0
16376,8,2,987.01,0
16377,266,1,676.2,2
16378,246,3,362.95,2
16379,3,4,2157.4,3
16380,60,1,1780.59,3
16383,74,2,668.36,0
16384,89,2,584.5,0
16385,59,3,555.89,0
16386,28,2,317.2,0
16387,322,1,94.36,2
16389,52,4,1382.07,3
16392,269,1,221.19,2
16394,56,5,1555.34,3
16395,60,5,1486.9,3
16398,153,2,1705.8,3
16399,18,2,408.57,0
16400,94,1,303.93,0
16402,264,2,299.6,2
16403,311,1,177.5,2
16404,69,1,443.05,0
16405,301,2,167.25,2
16406,18,1,163.07,0
16407,12,10,2126.93,1
16409,35,5,2028.88,1
16411,18,2,214.65,0
16412,53,1,151.83,0
16413,56,1,262.2,0
16414,21,2,126.25,0
16415,43,1,210.35,0
16416,26,3,1051.4,3
16418,44,3,675.27,0
16419,112,6,972.23,3
16423,24,1,346.12,0
16424,190,1,133.56,2
16425,301,1,302.7,2
16426,1,10,1908.25,1
16427,262,2,241.06,2
16429,105,1,284.55,0
16430,56,1,300.85,0
16431,212,3,642.81,2
16432,63,1,287.4,0
16433,27,1,184.26,0
16434,28,7,1522.25,1
16438,5,5,798.35,3
16440,7,5,3640.67,1
16441,66,2,381.2,0
16442,1,3,616.79,0
16444,45,4,654.67,3
16445,33,1,230.51,0
16447,135,1,259.01,0
16448,197,1,188.89000000000001,2
16449,197,2,707.69,2
16450,149,1,311.92,2
16451,87,1,266.97,0
16454,44,2,6.9,0
16455,63,7,1841.18,1
16456,98,5,2158.37,1
16457,217,1,208.36,2
16460,27,3,814.72,3
16461,177,1,151.42,2
16462,73,3,136.0,0
16463,20,4,1422.4,3
16464,19,3,1314.68,3
16466,33,7,1603.46,1
16468,73,1,74.9,0
16469,23,4,650.43,3
16470,51,4,762.39,3
16471,274,1,223.95000000000002,2
16473,164,3,316.11,2
16474,6,7,1871.5,1
16475,87,4,544.3,3
16477,63,7,2494.46,1
16478,24,3,331.0,0
16479,9,2,300.83,0
16480,75,1,769.29,0
16482,15,1,220.62,0
16483,191,1,139.35,2
16484,173,2,404.3,2
16485,76,1,363.65,0
16488,32,3,498.8,0
16491,46,1,731.5,0
16493,79,4,1351.63,3
16494,296,1,826.53,2
16495,2,3,684.41,0
16496,8,3,1599.52,3
16497,49,6,2965.69,1
16498,160,2,100.97,2
16500,4,6,400.86,3
16503,106,4,1431.93,3
16504,24,1,484.38,0
16505,31,1,777.6,0
16506,19,2,90.30000000000001,0
16509,296,1,363.7,2
16511,21,3,950.26,3
16513,4,4,874.59,3
16515,51,5,1627.13,3
16516,29,1,101.69999999999999,0
16517,276,1,162.7,2
16518,60,2,484.32,0
16519,24,2,215.07999999999998,0
16520,185,3,1046.57,2
16526,171,1,290.36,2
16527,80,1,228.06,0
16528,3,1,244.41,0
16529,189,1,455.25,2
16531,21,7,1244.59,3
16533,18,3,1095.56,3
16535,4,1,593.75,0
16536,109,1,548.97,0
16539,2,4,1388.81,3
16542,53,1,119.62,0
16545,164,1,339.3,2
16546,290,2,787.15,2
16550,108,5,2298.97,1
16551,95,3,922.12,3
16552,242,2,379.73,2
16554,41,3,837.1,3
16555,34,2,285.89,0
16556,66,7,3313.79,1
16557,23,2,281.85,0
16560,26,2,841.41,0
16561,5,2,511.12,0
16563,53,1,1077.74,0
16566,14,5,614.66,3
16567,193,2,865.6,2
16569,2,1,124.2,0
16571,26,3,1421.69,3
16572,126,3,1009.6,3
16573,84,2,663.61,0
16574,70,1,451.44,0
16581,182,1,105.84,2
16582,112,1,313.62,0
16584,79,2,936.08,0
16586,248,1,463.95,2
16587,231,1,225.15,2
16589,70,3,459.24,0
16591,68,1,213.5,0
16593,50,3,330.03,0
16594,74,1,181.09,0
16595,60,1,360.16,0
16596,15,2,250.15,0
16597,3,1,90.04,0
16598,285,1,145.04999999999998,2
16600,3,6,813.52,3
16601,40,1,244.79999999999998,0
16602,35,1,528.08,0
16603,74,2,482.47,0
16610,218,1,75.66,2
16611,185,1,129.49,2
16612,32,4,1187.66,3
16613,69,1,618.59,0
16614,182,1,506.19,2
16616,14,2,500.42,0
16617,235,1,151.85,2
16618,30,5,2647.59,1
16619,263,1,226.21,2
16620,3,2,178.96,0
16621,51,4,813.48,3
16623,245,1,129.45,2
16624,80,2,810.5699999999999,0
16625,274,1,333.08,2
16627,78,1,322.8,0
16628,29,5,2188.05,1
16629,73,2,417.73,0
16633,16,6,2883.1,1
16634,222,2,217.9,2
16637,31,4,1154.47,3
16638,22,10,1680.72,1
16639,30,3,1257.51,3
16641,105,1,231.10000000000002,0
16642,4,2,688.33,0
16643,245,1,487.51,2
16644,177,2,833.78,2
16647,169,2,214.06,2
16648,42,1,290.65999999999997,0
16650,71,1,518.42,0
16653,15,2,1212.66,3
16654,140,4,601.27,3
16657,9,4,933.62,3
16659,188,1,39.12,2
16660,15,4,1267.6499999999999,3
16666,18,1,118.98,0
16667,67,2,570.13,0
16668,14,6,306.71999999999997,3
16669,23,3,1374.8700000000001,3
16671,27,3,1692.27,3
16674,54,2,319.61,0
16676,33,4,1592.1200000000001,3
16680,42,1,183.7,0
16681,72,6,1770.34,1
16682,4,5,1028.0,3
16685,60,2,324.24,0
16686,46,7,3062.83,1
16688,0,4,1260.86,3
16689,75,2,422.59999999999997,0
16690,71,2,225.57999999999998,0
16692,255,2,1276.0,2
16693,68,2,482.01,0
16696,134,4,657.9000000000001,3
16697,240,1,112.75,2
16698,226,2,1998.0,2
16706,36,3,531.35,0
16708,45,1,656.63,0
16709,84,5,3029.87,1
16710,18,10,2483.04,1
16711,2,5,1651.03,3
16712,8,11,3645.43,1
16714,218,3,1161.53,2
16715,77,1,301.71999999999997,0
16716,266,2,901.2,2
16719,14,7,1790.42,1
16720,25,1,155.24,0
16721,261,1,292.47,2
16723,90,2,589.15,0
16725,301,7,781.02,2
16726,25,5,1382.02,3
16728,45,4,1054.67,3
16730,51,3,743.11,0
16732,31,1,603.75,0
16734,51,3,650.51,0
16735,78,5,2300.56,1
16737,52,1,417.59999999999997,0
16738,297,1,3.75,2
16739,176,1,323.0,2
16742,46,1,464.9,0
16743,28,7,2238.09,1
16744,10,7,1304.76,1
16747,37,2,836.06,0
16748,17,5,1515.9,3
16750,44,5,623.93,3
16751,30,1,1764.72,3
16753,57,1,223.92000000000002,0
16755,113,3,1496.83,3
16756,214,1,239.4,2
16757,318,1,106.83000000000001,2
16758,64,1,369.34000000000003,0
16759,7,3,789.79,3
16761,96,1,316.62,0
16762,19,3,1501.38,3
16763,198,1,611.85,2
16765,293,1,34.0,2
16766,272,2,1145.6,2
16768,47,3,478.09000000000003,0
16769,259,1,380.39,2
16770,57,5,770.1,3
16771,32,5,2246.81,1
16773,56,1,171.59,0
16774,67,4,661.52,3
16775,9,11,1695.66,1
16776,59,1,388.28,0
16777,79,2,226.35,0
16778,73,2,245.94,0
16780,99,2,425.19,0
16784,19,1,107.6,0
16788,122,2,597.48,0
16789,7,1,80.8,0
16790,3,6,1545.6200000000001,3
16791,28,7,1721.78,1
16792,281,2,110.38000000000001,2
16793,56,1,243.84,0
16794,0,10,1222.71,1
16796,88,1,305.62,0
16800,10,1,1201.49,0
16801,162,4,1619.73,3
16803,64,1,332.3,0
16804,22,3,536.99,0
16805,173,2,460.59,2
16806,102,4,801.49,3
16807,142,3,1121.59,3
16808,98,2,288.42,0
16809,22,5,914.69,3
16810,191,1,309.54,2
16811,4,2,547.07,0
16813,7,10,1692.98,1
16816,102,4,417.06,3
16817,2,9,1604.75,1
16818,10,11,3349.57,1
16820,95,1,497.61,0
16823,226,1,358.38,2
16824,15,2,460.64,0
16825,38,2,775.1800000000001,0
16826,50,1,341.7,0
16828,92,2,128.5,0
16829,156,1,197.22,2
16830,38,1,325.91,0
16832,183,3,199.15,2
16833,0,4,1106.53,3
16834,227,1,413.46,2
16835,127,2,180.85,0
16836,39,2,251.87,0
16837,30,11,3170.98,1
16838,196,2,588.85,2
16841,36,6,1869.82,1
16842,100,3,1264.19,3
16846,49,1,214.32,0
16847,42,1,193.44,0
16848,52,1,281.42,0
16849,186,1,124.57,2
16851,3,3,342.45,0
16852,9,2,144.91000000000003,0
16855,23,2,328.4,0
16856,14,1,35.400000000000006,0
16859,144,2,747.81,2
16861,59,2,173.76,0
16863,30,2,502.8,0
16866,140,3,207.73999999999998,0
16869,22,4,825.42,3
16871,21,6,2812.34,1
16872,76,3,680.02,0
16875,66,5,2095.53,1
16877,11,6,853.72,3
16878,83,1,13.3,0
16880,30,7,1519.08,1
16881,66,1,432.0,0
16882,66,3,705.12,0
16883,186,2,276.73,2
16884,37,2,429.84000000000003,0
16885,14,3,471.51,0
16887,34,1,194.88,0
16889,194,3,1578.67,2
16891,1,5,809.7,3
16892,0,5,525.54,3
16895,64,1,219.14,0
16897,298,2,289.78,2
16898,25,3,508.81,0
16899,7,6,1281.56,3
16900,16,3,887.11,3
16902,115,1,1706.88,3
16903,28,1,373.24,0
16905,4,7,3102.43,1
16906,81,4,579.77,3
16907,28,5,981.65,3
16909,71,1,379.14,0
16910,3,8,1510.06,1
16912,28,11,2575.38,1
16913,289,1,113.44,2
16914,35,1,208.46,0
16915,8,6,621.6800000000001,3
16916,23,2,576.26,0
16917,276,1,391.52,2
16918,49,6,1068.82,3
16919,155,11,2596.45,1
16921,60,1,169.79,0
16924,20,3,846.75,3
16927,115,3,543.05,0
16929,3,7,1295.39,1
16930,25,3,380.55,0
16932,52,1,161.94,0
16933,0,2,563.23,0
16934,54,2,950.9300000000001,0
16936,25,1,262.68,0
16938,8,4,2736.38,1
16940,51,3,3049.88,1
16942,12,9,1920.59,1
16943,211,3,816.73,2
16947,235,1,406.48,2
16948,138,3,435.02,0
16949,3,6,1286.27,3
16950,56,3,1178.56,3
16951,134,3,1277.75,3
16952,108,2,167.61,0
16953,29,1,20.8,0
16954,0,9,2085.08,1
16955,184,4,518.67,2
16956,17,1,308.74,0
16957,238,2,416.64,2
16959,86,1,117.35000000000001,0
16960,38,3,507.05,0
16961,115,1,234.17,0
16963,186,1,110.55000000000001,2
16965,226,1,201.19,2
16966,7,7,2154.97,1
16967,188,1,319.02,2
16968,3,2,439.43,0
16969,38,3,650.41,0
16971,37,1,357.21,0
16976,266,1,251.51999999999998,2
16978,77,1,344.33,0
16979,3,6,1852.0,1
16980,254,2,1078.96,2
16982,60,1,384.06,0
16983,12,7,1931.25,1
16986,29,2,1873.2,3
16987,2,7,1625.05,1
16988,4,1,126.12,0
16989,6,6,1133.25,3
16990,218,1,179.0,2
16992,10,5,1614.31,3
16996,29,6,1456.96,3
16997,287,3,702.0,2
16998,149,4,295.0,2
16999,22,2,484.82,0
17002,85,3,1493.73,3
17004,45,2,1412.94,3
17006,4,4,781.78,3
17007,50,6,889.9300000000001,3
17010,17,1,195.36,0
17011,29,1,270.9,0
17014,7,3,586.33,0
17015,28,3,1842.56,3
17018,40,2,920.1,0
17019,10,4,1272.61,3
17022,30,1,71.0,0
17024,44,3,95.85,0
17025,60,3,357.77,0
17026,184,2,154.82999999999998,2
17027,78,6,890.29,3
17029,110,2,716.0,0
17030,63,1,146.87,0
17031,11,2,380.35,0
17033,85,3,1030.14,3
17034,15,3,745.52,3
17035,245,2,433.53000000000003,2
17037,87,1,1267.32,0
17038,29,1,112.4,0
17040,137,1,449.73,0
17041,26,3,1081.57,3
17042,2,5,1044.3799999999999,3
17043,31,4,1735.18,3
17044,24,1,948.48,0
17045,112,3,339.44,0
17046,156,1,642.02,2
17047,84,3,1100.9,3
17048,117,3,925.35,3
17050,95,6,3228.84,1
17051,193,1,247.14000000000001,2
17052,27,1,413.75,0
17053,130,1,498.48,0
17054,27,5,1356.33,3
17058,81,3,1179.89,3
17059,29,5,3095.04,1
17060,265,1,234.24,2
17062,313,4,538.37,2
17063,20,7,1461.14,1
17064,58,3,859.35,3
17069,27,9,2709.7000000000003,1
17070,113,1,312.14,0
17071,27,9,2429.03,1
17073,17,4,1446.09,3
17075,17,4,834.12,3
17076,35,3,841.0799999999999,3
17078,35,2,378.2,0
17079,77,1,118.80000000000001,0
17080,21,2,287.62,0
17081,24,2,290.16,0
17082,32,2,2003.85,3
17083,108,3,1405.78,3
17084,34,2,2949.75,3
17085,122,5,1566.65,3
17086,6,6,2050.08,1
17088,27,4,1991.01,3
17090,3,7,2043.95,1
17092,49,4,1777.78,3
17094,321,1,302.0,2
17095,22,3,1324.16,3
17096,14,4,1022.13,3
17097,1,8,954.42,1
17100,17,2,971.74,0
17101,9,4,1621.73,3
17102,261,1,25.5,2
17105,158,2,665.78,2
17109,28,6,885.04,3
17110,164,1,163.29999999999998,2
17111,46,1,248.61,0
17114,5,8,808.62,3
17115,7,3,837.5,3
17117,287,1,116.19999999999999,2
17118,317,1,157.02,2
17119,2,2,606.91,0
17120,232,1,307.46,2
17122,118,1,138.32,0
17123,161,1,345.29999999999995,2
17124,184,1,298.89,2
17125,49,1,259.35,0
17126,151,5,1004.75,3
17131,4,5,2463.17,1
17134,106,2,425.0,0
17135,15,7,1139.73,3
17138,275,1,380.5,2
17140,246,1,465.32,2
17142,238,1,579.0,2
17144,0,2,984.57,0
17146,105,3,749.78,0
17147,22,4,1714.59,3
17148,51,1,124.88,0
17152,194,3,1689.5,2
17153,23,1,213.78,0
17154,74,1,329.34,0
17155,17,2,251.70000000000002,0
17157,7,2,319.0,0
17158,31,3,1266.97,3
17159,21,3,1538.88,3
17160,30,6,3518.03,1
17162,28,10,1715.46,1
17163,21,2,293.1,0
17164,32,7,2467.35,1
17165,283,1,158.68,2
17166,38,2,206.34,0
17169,57,2,835.78,0
17171,288,1,224.91,2
17172,78,1,317.76,0
17174,217,1,59.9,2
17175,43,4,1443.69,3
17176,201,1,306.13,2
17179,177,3,711.79,2
17180,55,4,796.03,3
17181,56,2,239.92000000000002,0
17183,7,6,3347.31,1
17186,46,2,144.0,0
17187,226,1,203.95,2
17188,10,7,2474.23,1
17189,105,2,384.40000000000003,0
17190,58,2,444.74,0
17191,27,7,2095.13,1
17193,35,7,1699.3000000000002,1
17194,273,2,262.62,2
17197,29,1,1013.01,0
17198,23,3,692.22,0
17201,53,1,342.63,0
17203,35,6,3563.85,1
17204,174,4,1564.56,3
17205,53,1,384.08,0
17206,52,1,204.24,0
17211,26,8,2317.2200000000003,1
17212,252,1,226.85,2
17213,39,7,2781.23,1
17214,59,6,1069.1200000000001,3
17217,233,1,113.5,2
17218,3,10,1960.72,1
17219,31,1,114.23,0
17221,6,2,335.13,0
17222,64,1,354.15,0
17223,309,2,426.79,2
17226,308,1,393.49,2
17227,18,6,939.32,3
17228,15,8,1906.09,1
17229,95,2,318.76,0
17230,263,8,3638.41,1
17231,11,10,3174.32,1
17232,2,2,421.52,0
17233,34,1,190.88,0
17234,182,1,149.89000000000001,2
17235,24,2,550.06,0
17236,12,6,916.13,3
17237,10,2,314.69,0
17239,312,1,382.5,2
17242,107,2,1135.04,0
17244,52,1,954.9,0
17245,204,1,171.45,2
17247,14,1,282.19,0
17248,119,1,318.65,0
17250,3,2,384.52,0
17252,116,2,353.86,0
17253,17,1,178.26,0
17254,4,2,272.44,0
17255,40,2,298.41,0
17256,106,2,240.0,0
17259,147,2,603.37,2
17262,51,5,1253.3600000000001,3
17263,207,1,63.440000000000005,2
17265,138,2,562.9,0
17266,1,3,310.64,0
17267,126,2,317.62,0
17268,107,4,763.64,3
17272,41,4,2148.63,3
17274,34,1,111.97999999999999,0
17277,227,2,1065.3500000000001,2
17278,240,1,246.04,2
17279,57,1,187.82999999999998,0
17282,129,3,1703.41,3
17284,59,6,1652.58,3
17286,21,1,153.92,0
17287,25,7,1064.11,3
17288,8,7,1419.73,1
17289,31,3,944.41,3
17290,3,2,525.24,0
17291,307,1,550.8000000000001,2
17293,7,9,1875.1100000000001,1
17295,28,3,556.95,0
17297,16,1,131.78,0
17298,100,2,498.42,0
17299,11,4,669.11,3
17301,20,1,197.63,0
17302,14,5,1135.63,3
17309,94,1,82.75,0
17311,77,2,1384.85,3
17312,138,3,644.3,0
17313,30,1,2328.84,3
17314,24,8,2527.92,1
17317,45,3,2600.34,3
17320,99,3,1200.6200000000001,3
17321,7,2,700.86,0
17323,14,7,921.07,3
17324,17,4,990.23,3
17325,279,1,96.8,2
17329,13,2,523.11,0
17330,22,2,363.9,0
17331,123,1,175.2,0
17333,85,1,494.25,0
17334,301,2,307.02,2
17337,150,4,2027.8700000000001,3
17339,93,2,243.36,0
17341,156,3,781.36,2
17344,45,1,160.57,0
17345,14,4,537.74,3
17347,85,1,228.96,0
17348,14,5,1159.52,3
17349,178,1,110.75,2
17350,7,4,1286.07,3
17351,35,3,587.15,0
17353,128,2,1740.0,3
17354,50,1,1393.06,0
17356,311,1,178.22,2
17357,23,2,388.14,0
17358,302,2,365.85,2
17359,10,1,127.86,0
17360,16,3,585.79,0
17361,48,3,488.2,0
17362,238,2,312.23,2
17367,237,1,168.4,2
17368,22,8,1912.67,1
17370,72,4,446.18,3
17371,16,3,423.89,0
17372,40,8,1342.68,1
17373,39,4,646.92,3
17374,218,2,495.77,2
17375,198,3,400.1,2
17376,70,2,203.2,0
17379,10,1,404.66,0
17382,64,1,65.4,0
17383,3,1,199.29,0
17384,18,2,336.4,0
17385,14,1,261.11,0
17386,7,6,2686.42,1
17387,19,2,784.11,0
17388,77,4,1259.56,3
17391,163,2,508.8,2
17392,306,2,457.91,2
17394,218,1,203.86999999999998,2
17397,21,2,696.41,0
17398,114,3,653.38,0
17400,125,5,2129.96,1
17403,35,1,281.62,0
17405,0,3,1031.41,3
17408,162,1,32.65,2
17409,184,2,771.85,2
17410,15,5,1214.72,3
17411,11,3,778.94,3
17412,2,7,1258.06,3
17414,43,2,778.0,0
17415,79,1,507.84,0
17418,41,2,463.46000000000004,0
17420,49,3,598.83,0
17422,15,6,1979.37,1
17423,45,2,698.41,0
17425,18,2,759.17,0
17427,71,1,100.8,0
17429,127,3,524.9200000000001,0
17430,32,2,265.76,0
17431,312,1,403.3,2
17432,17,2,365.76,0
17433,87,1,303.15999999999997,0
17434,1,7,2373.82,1
17436,1,2,216.29999999999998,0
17438,253,1,388.45000000000005,2
17440,156,3,186.42000000000002,2
17442,36,6,2248.56,1
17443,219,1,534.24,2
17444,147,3,2940.04,1
17446,176,2,120.9,2
17447,39,2,541.53,0
17449,1,7,2520.86,1
17451,0,7,1721.4,1
17453,17,2,486.71999999999997,0
17454,191,4,517.53,2
17455,203,1,131.7,2
17457,126,5,1737.7,3
17458,14,1,316.5,0
17459,42,2,657.3,0
17460,93,6,622.4300000000001,3
17461,22,3,757.46,3
17462,59,2,675.69,0
17463,15,5,1896.41,3
17464,157,1,289.96000000000004,2
17466,9,2,763.28,0
17468,9,2,137.0,0
17469,15,5,1870.97,3
17470,44,5,1125.07,3
17472,190,3,710.29,2
17475,78,1,194.37,0
17480,77,1,511.82,0
17481,3,4,1255.59,3
17483,64,3,414.04,0
17486,260,1,396.87,2
17489,58,2,376.64,0
17490,0,7,2092.32,1
17491,0,10,3558.87,1
17492,247,1,374.57,2
17495,7,2,497.56,0
17498,75,1,272.22,0
17499,289,1,622.88,2
17500,16,3,1138.0,3
17501,220,2,288.6,2
17502,8,4,689.1,3
17503,2,2,558.96,0
17504,205,9,2997.0299999999997,1
17505,161,2,1145.84,2
17506,75,1,302.2,0
17507,261,2,605.58,2
17508,280,1,387.31,2
17510,24,1,308.48,0
17512,28,10,2924.9900000000002,1
17513,71,1,513.2,0
17514,127,1,208.65,0
17515,30,4,639.02,3
17516,14,5,768.08,3
17517,308,1,153.94,2
17519,16,6,1844.02,1
17520,53,1,546.81,0
17521,29,3,723.2099999999999,0
17522,1,5,1070.71,3
17523,10,4,652.74,3
17526,4,4,1195.8999999999999,3
17527,53,4,939.37,3
17528,0,8,3628.5,1
17530,0,10,2385.0,1
17531,189,1,296.7,2
17534,53,1,223.36,0
17535,279,1,164.4,2
17536,176,1,76.5,2
17537,29,2,897.62,0
17538,25,1,98.42,0
17540,24,2,578.9,0
17542,269,1,170.75,2
17545,42,3,645.96,0
17548,233,1,103.3,2
17549,23,2,148.86,0
17550,196,3,267.16,2
17552,59,4,930.41,3
17553,129,1,1487.6,0
17554,0,5,1952.45,3
17555,19,2,483.26,0
17556,205,1,157.9,2
17557,13,3,541.46,0
17560,94,5,854.95,3
17561,18,1,167.62,0
17562,13,7,1122.38,3
17564,23,3,454.01,0
17566,7,2,901.21,0
17571,49,4,1498.51,3
17572,70,4,226.75000000000003,0
17573,28,3,380.6,0
17574,242,1,185.65,2
17578,217,1,143.45999999999998,2
17579,4,3,448.90000000000003,0
17580,252,3,215.72,2
17582,235,1,175.27,2
17584,6,2,1242.3,3
17585,108,4,1133.07,3
17588,99,3,1240.2,3
17589,59,4,2404.17,1
17590,1,3,1479.22,3
17591,72,7,2225.9700000000003,1
17594,84,2,993.18,0
17595,11,2,388.79,0
17596,22,7,2827.93,1
17597,213,1,2044.3700000000001,2
17600,17,1,161.67000000000002,0
17601,238,1,116.00999999999999,2
17603,77,1,394.72,0
17604,216,2,309.36,2
17608,32,2,193.42,0
17609,40,5,1112.22,3
17612,52,6,2048.45,1
17614,56,1,390.07,0
17615,129,3,329.6,0
17616,173,3,571.1999999999999,2
17618,5,3,971.58,3
17619,311,1,218.52,2
17620,59,1,81.44,0
17621,20,3,1379.9,3
17623,32,1,527.0500000000001,0
17624,14,2,843.48,0
17625,17,4,2047.0,3
17628,80,1,75.75,0
17629,5,8,1814.12,1
17630,169,2,503.59999999999997,2
17631,1,3,528.33,0
17633,30,4,1324.84,3
17634,35,9,2361.9700000000003,1
17636,18,1,285.56,0
17637,30,2,547.0600000000001,0
17639,275,1,108.5,2
17640,86,1,621.66,0
17642,119,2,712.29,0
17644,0,11,2895.64,1
17646,218,3,1008.39,2
17647,64,1,133.06,0
17648,60,4,1797.5,3
17649,137,1,868.49,0
17650,20,1,166.08,0
17653,36,4,1207.56,3
17654,276,1,117.55,2
17655,10,7,2638.94,1
17656,72,5,1674.69,3
17658,25,2,595.42,0
17660,140,1,196.0,2
17663,25,7,1802.91,1
17664,18,2,604.64,0
17666,3,2,728.16,0
17667,65,5,2055.51,1
17668,0,2,347.75,0
17669,42,7,3406.7200000000003,1
17670,227,1,205.7,2
17671,15,4,1572.71,3
17672,49,2,3178.17,1
17673,1,6,1629.12,3
17674,73,2,551.04,0
17676,3,6,1387.68,3
17678,263,1,298.11,2
17679,52,2,1992.1100000000001,3
17680,23,1,184.4,0
17682,9,6,2474.33,1
17684,43,1,239.41,0
17685,16,7,3191.53,1
17692,126,4,740.9399999999999,3
17693,136,1,200.47,0
17694,141,1,283.12,2
17695,131,2,765.34,0
17696,37,8,2285.71,1
17697,235,1,338.95,2
17698,260,1,154.95,2
17700,16,4,2534.64,1
17701,252,1,417.95,2
17702,29,4,1824.37,3
17703,34,3,798.74,3
17704,168,2,885.19,2
17705,2,9,1823.52,1
17707,184,2,152.4,2
17708,187,2,267.08,2
17709,169,1,137.45,2
17711,10,2,385.1,0
17712,44,1,522.91,0
17714,320,1,153.0,2
17715,200,1,326.4,2
17718,231,1,139.35,2
17720,25,4,1195.94,3
17722,95,4,2424.04,3
17723,126,6,3276.4000000000005,1
17724,70,3,1033.0,3
17725,15,11,3439.08,1
17727,14,1,1060.25,0
17728,3,3,2876.01,1
17731,78,4,1240.11,3
17733,38,2,692.19,0
17734,53,3,700.63,0
17736,8,3,377.44,0
17737,8,2,168.24,0
17738,18,4,1879.05,3
17739,11,7,2791.35,1
17742,112,2,355.11,0
17744,3,6,2322.4,1
17746,239,1,110.25,2
17747,112,1,71.4,0
17749,177,2,674.52,2
17750,4,9,1797.57,1
17754,0,5,1772.26,3
17758,18,8,3456.7000000000003,1
17759,16,3,834.99,3
17760,21,2,287.59,0
17761,32,1,712.78,0
17763,262,1,15.0,2
17764,50,2,818.8199999999999,0
17765,158,3,371.88,2
17767,14,1,271.2,0
17768,7,3,2273.1800000000003,3
17770,198,5,1143.27,3
17771,56,2,245.81,0
17772,10,2,182.77,0
17774,96,4,1225.41,3
17775,254,1,56.4,2
17777,24,3,665.86,0
17779,20,3,658.57,0
17781,158,2,188.02,2
17783,71,2,283.47,0
17785,52,1,131.94,0
17786,84,2,278.74,0
17787,152,4,1865.19,3
17788,73,2,1117.9,0
17789,280,1,225.9,2
17791,29,1,106.1,0
17793,24,1,323.04,0
17795,179,2,350.39,2
17796,39,4,697.9,3
17797,21,3,780.43,3
17799,21,10,3055.93,1
17800,36,9,1199.01,1
17802,81,3,1285.04,3
17805,73,1,512.31,0
17806,10,1,546.04,0
17812,12,4,732.16,3
17813,13,5,1770.8799999999999,3
17816,36,4,36.56,0
17817,3,3,387.68,0
17824,50,1,298.4,0
17827,4,5,1995.46,1
17828,22,4,1820.09,3
17829,298,1,889.24,2
17830,1,3,398.7,0
17831,32,1,35.400000000000006,0
17832,49,1,155.37,0
17835,2,3,350.64,0
17836,46,1,110.21000000000001,0
17837,41,8,1593.38,1
17838,26,5,2779.3,1
17839,41,1,338.8,0
17843,302,1,205.48,2
17844,106,1,51.559999999999995,0
17846,84,1,2033.1,3
17848,80,9,901.1999999999999,1
17849,217,4,605.8000000000001,2
17852,11,2,114.34,0
17854,184,2,311.26,2
17856,1,4,1418.03,3
17859,304,1,148.21,2
17861,2,8,2100.8,1
17862,323,1,330.9,2
17863,58,6,3160.0,1
17864,12,3,597.5,0
17866,142,1,329.65,2
17867,29,6,1197.1000000000001,3
17869,106,5,428.18,3
17871,204,1,155.9,2
17873,79,5,1859.16,3
17874,184,6,683.46,3
17877,169,1,237.61,2
17878,43,1,379.45,0
17879,173,1,178.51999999999998,2
17881,303,1,133.35000000000002,2
17883,2,4,671.77,3
17884,3,4,717.45,3
17885,11,1,190.19,0
17886,31,3,899.61,3
17887,128,1,111.35,0
17888,20,8,726.05,3
17889,211,2,203.87,2
17890,322,2,602.09,2
17891,161,1,203.85999999999999,2
17892,55,3,244.1,0
17893,224,1,112.25,2
17894,71,8,1119.81,1
17895,43,1,98.0,0
17896,22,1,256.32,0
17897,172,3,566.6,2
17898,84,2,152.06,0
17899,158,1,155.8,2
17900,189,2,112.19999999999999,2
17901,28,1,110.38,0
17904,20,1,191.67,0
17905,70,4,800.24,3
17906,246,1,72.9,2
17911,8,1,366.23,0
17912,309,5,311.01,2
17913,58,2,411.6,0
17914,3,1,336.43,0
17917,44,3,341.28,0
17919,87,1,1304.04,0
17921,63,4,826.52,3
17923,281,1,207.50000000000003,2
17924,11,7,2962.5,1
17926,132,2,397.29,0
17928,44,2,212.54,0
17929,10,4,843.0,3
17930,35,5,1740.48,3
17931,133,2,408.36,0
17932,28,3,1331.57,3
17934,51,2,704.25,0
17935,137,2,145.79,0
17936,4,1,389.84,0
17939,159,1,99.14,2
17941,130,1,304.56,0
17942,7,1,77.50000000000001,0
17946,232,2,149.57999999999998,2
17947,36,1,176.68,0
17948,146,1,358.56000000000006,2
17950,71,3,482.2,0
17951,39,3,1008.5400000000001,3
17955,198,4,557.3,2
17956,248,1,12.75,2
17957,65,1,111.68,0
17958,116,1,508.4599999999999,0
17960,170,1,73.78,2
17962,141,1,102.83,2
17964,31,2,471.7,0
17966,37,5,1098.43,3
17969,165,2,228.2,2
17970,210,1,582.59,2
17972,241,1,136.04,2
17973,51,1,337.04,0
17974,24,3,740.79,0
17977,28,1,288.14,0
17979,35,4,757.71,3
17980,165,3,811.45,2
17984,144,1,152.68,2
17985,21,1,634.95,0
17986,55,1,20.8,0
17987,184,1,198.57,2
17988,11,7,201.12,3
17990,236,3,630.84,2
17991,224,2,93.35,2
17994,121,4,678.49,3
17995,281,1,76.1,2
17997,73,8,1970.6699999999998,1
17999,36,2,382.06,0
18001,11,2,417.23,0
18005,3,2,249.72,0
18006,22,1,444.68,0
18008,69,9,2116.19,1
18009,234,1,257.34,2
18010,256,1,174.8,2
18013,154,2,187.29,2
18014,27,1,166.42,0
18015,3,1,120.03,0
18016,31,5,1483.56,3
18017,80,3,523.0,0
18018,107,2,122.14,0
18019,51,1,38.45,0
18022,35,1,668.11,0
18024,152,2,389.78,2
18027,98,1,115.31,0
18030,3,2,230.64999999999998,0
18033,64,1,97.97,0
18034,21,2,422.88,0
18035,35,3,730.4,0
18036,31,3,405.62,0
18037,153,6,70.02,3
18040,18,2,357.20000000000005,0
18042,53,1,165.04999999999998,0
18043,24,3,559.51,0
18044,3,10,2088.6,1
18045,44,1,189.4,0
18048,202,2,172.29000000000002,2
18053,70,1,300.02,0
18056,287,1,363.65,2
18058,9,1,170.16,0
18059,22,3,306.46,0
18061,21,10,2119.41,1
18062,172,3,720.52,2
18064,132,2,814.0,0
18066,74,1,318.0,0
18067,39,1,396.33,0
18068,288,1,101.69999999999999,2
18069,25,5,2036.67,1
18071,257,2,453.0,2
18072,185,1,247.44,2
18075,22,10,2611.75,1
18077,7,11,2633.0099999999998,1
18078,216,2,336.13,2
18079,44,4,3651.97,1
18080,18,2,1231.5,3
18081,35,3,343.45,0
18082,25,1,703.37,0
18084,15,1,90.47999999999999,0
18086,273,1,101.34,2
18088,60,1,167.67000000000002,0
18093,92,4,2106.52,3
18094,81,7,3017.3,1
18095,312,2,580.0500000000001,2
18096,11,3,911.15,3
18097,7,6,2697.8,1
18099,126,1,168.31,0
18101,10,2,223.65,0
18104,36,1,754.64,0
18105,37,1,113.48000000000002,0
18108,253,1,271.0,2
18110,19,1,236.3,0
18112,11,2,352.69,0
18114,289,1,220.1,2
18116,67,8,1418.03,1
18117,25,1,320.72,0
18120,213,1,111.15,2
18121,148,2,673.1,2
18122,7,6,1826.21,1
18123,23,2,589.4399999999999,0
18125,29,4,1142.99,3
18126,60,1,206.82999999999998,0
18127,18,3,348.73,0
18129,242,1,112.55000000000001,2
18130,14,3,1059.39,3
18133,211,1,931.4999999999999,2
18135,28,5,681.9100000000001,3
18136,62,3,784.33,3
18138,294,1,152.65,2
18142,156,2,1019.52,2
18143,116,2,1000.16,0
18145,12,4,2861.55,1
18146,140,2,160.35000000000002,0
18147,45,2,179.33999999999997,0
18149,50,3,612.0799999999999,0
18150,31,3,566.58,0
18151,134,2,653.35,0
18154,2,2,399.19,0
18155,74,3,371.62,0
18156,12,2,734.94,0
18158,8,2,453.4,0
18159,300,1,530.15,2
18160,56,2,638.0600000000001,0
18161,14,5,1618.69,3
18164,36,1,399.65000000000003,0
18165,176,1,302.46000000000004,2
18167,22,3,1384.8600000000001,3
18168,175,6,1169.94,3
18169,60,1,202.65,0
18170,32,3,980.31,3
18171,58,5,1231.31,3
18173,86,4,2106.84,3
18174,6,1,104.0,0
18177,30,6,1341.42,3
18178,128,4,1590.81,3
18179,8,6,1793.17,1
18180,4,6,1843.75,1
18181,23,1,382.8,0
18183,226,2,632.07,2
18184,14,1,49.8,0
18185,248,1,304.25,2
18188,14,3,2001.04,3
18189,77,2,1090.24,0
18190,191,2,284.46000000000004,2
18191,261,1,207.79999999999998,2
18192,71,1,957.97,0
18193,164,1,243.76,2
18194,81,1,973.8399999999999,0
18196,94,2,689.13,0
18200,105,1,163.8,0
18202,199,3,1396.99,2
18203,156,1,160.42000000000002,2
18204,70,3,1993.7,3
18205,35,2,517.36,0
18209,28,1,139.10000000000002,0
18210,1,6,2621.38,1
18211,25,5,600.07,3
18212,325,1,248.42,2
18213,236,1,232.48000000000002,2
18215,88,1,299.34000000000003,0
18216,30,1,481.75,0
18217,28,2,621.75,0
18218,210,2,662.08,2
18219,2,10,2069.77,1
18220,226,1,305.28000000000003,2
18221,21,5,1041.61,3
18222,92,1,443.0,0
18224,263,1,158.95000000000002,2
18227,217,1,93.75,2
18228,56,2,779.9,0
18230,8,7,2810.2000000000003,1
18231,191,5,2083.27,3
18232,81,4,592.97,3
18233,325,1,440.0,2
18235,71,3,1796.48,3
18236,29,6,882.24,3
18237,2,5,987.1,3
18239,218,5,1561.6100000000001,3
18240,45,1,422.58,0
18242,71,4,2232.4900000000002,3
18245,6,7,2567.06,1
18246,23,2,596.1,0
18248,122,2,804.02,0
18249,16,1,95.34,0
18250,309,1,349.27,2
18252,50,2,526.67,0
18255,88,1,103.3,0
18257,38,8,2337.63,1
18259,24,3,2338.6000000000004,3
18260,172,6,2643.2000000000003,1
18261,42,2,324.24,0
18262,139,1,149.48,0
18263,25,3,1213.1599999999999,3
18265,71,2,801.51,0
18268,133,1,25.5,0
18270,37,2,283.15,0
18272,2,6,3078.58,1
18273,1,3,204.0,0
18274,29,1,175.92,0
18276,43,1,335.86,0
18277,57,1,110.38,0
18278,73,1,173.9,0
18280,277,1,180.60000000000002,2
18281,180,1,80.82,2
18282,7,2,178.05,0
18287,42,3,1837.28,3
